ID	Reference Type	ReferenceID
1	Nomenclatural Reference	10
2	Nomenclatural Reference	9
3	Nomenclatural Reference	13
4	Nomenclatural Reference	13
5	Nomenclatural Reference	13
6	Nomenclatural Reference	13
7	Nomenclatural Reference	13
8	Nomenclatural Reference	15
9	Nomenclatural Reference	13
10	Nomenclatural Reference	16
11	Nomenclatural Reference	18
12	Nomenclatural Reference	11
13	Nomenclatural Reference	11
14	Nomenclatural Reference	16
15	Nomenclatural Reference	6
16	Nomenclatural Reference	17
17	Nomenclatural Reference	6
18	Nomenclatural Reference	17
19	Nomenclatural Reference	17
20	Nomenclatural Reference	2
21	Nomenclatural Reference	4
22	Nomenclatural Reference	15
23	Nomenclatural Reference	6
24	Nomenclatural Reference	6
25	Nomenclatural Reference	15
26	Nomenclatural Reference	6
27	Nomenclatural Reference	17
28	Nomenclatural Reference	8
29	Nomenclatural Reference	12
30	Nomenclatural Reference	12
31	Nomenclatural Reference	12
32	Nomenclatural Reference	12
33	Nomenclatural Reference	14
34	Nomenclatural Reference	6
35	Nomenclatural Reference	15
36	Nomenclatural Reference	16
37	Nomenclatural Reference	15
38	Nomenclatural Reference	3
39	Nomenclatural Reference	1
40	Nomenclatural Reference	7
41	Nomenclatural Reference	12
42	Nomenclatural Reference	11
43	Nomenclatural Reference	15
44	Nomenclatural Reference	12
45	Nomenclatural Reference	12
46	Nomenclatural Reference	12
47	Nomenclatural Reference	15
48	Nomenclatural Reference	15
49	Nomenclatural Reference	2
50	Nomenclatural Reference	17
51	Nomenclatural Reference	15
52	Nomenclatural Reference	5
53	Nomenclatural Reference	17
54	Nomenclatural Reference	7
55	Nomenclatural Reference	17
56	Nomenclatural Reference	15
46	Taxonomic Acceptance Reference	19
47	Taxonomic Acceptance Reference	19
48	Taxonomic Acceptance Reference	19
49	Taxonomic Acceptance Reference	19
50	Taxonomic Acceptance Reference	19
51	Taxonomic Acceptance Reference	19
52	Taxonomic Acceptance Reference	19
53	Taxonomic Acceptance Reference	19
54	Taxonomic Acceptance Reference	19
55	Taxonomic Acceptance Reference	19
56	Taxonomic Acceptance Reference	20
57	Nomenclatural Reference	6
58	Nomenclatural Reference	6
59	Nomenclatural Reference	26
60	Nomenclatural Reference	27
61	Nomenclatural Reference	28
62	Nomenclatural Reference	29
63	Nomenclatural Reference	26
64	Nomenclatural Reference	30
65	Nomenclatural Reference	29
66	Nomenclatural Reference	31
67	Nomenclatural Reference	6
68	Nomenclatural Reference	32
69	Nomenclatural Reference	28
70	Nomenclatural Reference	33
71	Nomenclatural Reference	34
72	Nomenclatural Reference	35
73	Nomenclatural Reference	36
74	Nomenclatural Reference	27
75	Nomenclatural Reference	22
76	Nomenclatural Reference	37
77	Nomenclatural Reference	38
78	Nomenclatural Reference	22
79	Nomenclatural Reference	22
80	Nomenclatural Reference	22
81	Nomenclatural Reference	22
82	Nomenclatural Reference	22
83	Nomenclatural Reference	39
84	Nomenclatural Reference	22
85	Nomenclatural Reference	27
86	Nomenclatural Reference	37
87	Nomenclatural Reference	22
88	Nomenclatural Reference	6
89	Nomenclatural Reference	22
90	Nomenclatural Reference	22
91	Nomenclatural Reference	40
92	Nomenclatural Reference	41
93	Nomenclatural Reference	22
94	Nomenclatural Reference	42
95	Nomenclatural Reference	43
96	Nomenclatural Reference	22
97	Nomenclatural Reference	44
98	Nomenclatural Reference	45
99	Nomenclatural Reference	46
100	Nomenclatural Reference	47
101	Nomenclatural Reference	26
102	Nomenclatural Reference	28
103	Nomenclatural Reference	20
104	Nomenclatural Reference	6
105	Nomenclatural Reference	48
106	Nomenclatural Reference	29
107	Nomenclatural Reference	26
108	Nomenclatural Reference	33
109	Nomenclatural Reference	27
110	Nomenclatural Reference	44
111	Nomenclatural Reference	20
112	Nomenclatural Reference	49
113	Nomenclatural Reference	50
114	Nomenclatural Reference	51
115	Nomenclatural Reference	50
116	Nomenclatural Reference	50
117	Nomenclatural Reference	27
118	Nomenclatural Reference	50
119	Nomenclatural Reference	52
120	Nomenclatural Reference	50
121	Nomenclatural Reference	53
122	Nomenclatural Reference	53
123	Nomenclatural Reference	50
124	Nomenclatural Reference	28
125	Nomenclatural Reference	10
126	Nomenclatural Reference	10
127	Nomenclatural Reference	54
128	Nomenclatural Reference	55
129	Nomenclatural Reference	56
130	Nomenclatural Reference	31
131	Nomenclatural Reference	31
132	Nomenclatural Reference	22
133	Nomenclatural Reference	25
134	Nomenclatural Reference	25
135	Nomenclatural Reference	6
136	Nomenclatural Reference	57
137	Nomenclatural Reference	58
138	Nomenclatural Reference	6
139	Nomenclatural Reference	44
140	Nomenclatural Reference	6
141	Nomenclatural Reference	59
142	Nomenclatural Reference	6
143	Nomenclatural Reference	18
144	Nomenclatural Reference	17
145	Nomenclatural Reference	6
146	Nomenclatural Reference	6
147	Nomenclatural Reference	16
148	Nomenclatural Reference	6
149	Nomenclatural Reference	6
150	Nomenclatural Reference	17
151	Nomenclatural Reference	60
152	Nomenclatural Reference	6
153	Nomenclatural Reference	22
154	Nomenclatural Reference	61
155	Nomenclatural Reference	40
156	Nomenclatural Reference	37
157	Nomenclatural Reference	22
158	Nomenclatural Reference	17
159	Nomenclatural Reference	62
160	Nomenclatural Reference	17
161	Nomenclatural Reference	62
162	Nomenclatural Reference	27
163	Nomenclatural Reference	63
164	Nomenclatural Reference	64
165	Nomenclatural Reference	61
166	Nomenclatural Reference	65
167	Nomenclatural Reference	66
168	Nomenclatural Reference	22
169	Nomenclatural Reference	22
170	Nomenclatural Reference	22
171	Nomenclatural Reference	22
172	Nomenclatural Reference	61
173	Nomenclatural Reference	61
174	Nomenclatural Reference	62
175	Nomenclatural Reference	64
176	Nomenclatural Reference	6
177	Nomenclatural Reference	67
178	Nomenclatural Reference	68
179	Nomenclatural Reference	37
180	Nomenclatural Reference	6
181	Nomenclatural Reference	69
182	Nomenclatural Reference	20
183	Nomenclatural Reference	37
184	Nomenclatural Reference	20
185	Nomenclatural Reference	49
186	Nomenclatural Reference	6
187	Nomenclatural Reference	70
188	Nomenclatural Reference	28
189	Nomenclatural Reference	6
190	Nomenclatural Reference	54
191	Nomenclatural Reference	6
192	Nomenclatural Reference	71
193	Nomenclatural Reference	6
194	Nomenclatural Reference	20
195	Nomenclatural Reference	28
196	Nomenclatural Reference	6
197	Nomenclatural Reference	6
198	Nomenclatural Reference	8
199	Nomenclatural Reference	7
200	Nomenclatural Reference	6
201	Nomenclatural Reference	6
202	Nomenclatural Reference	6
203	Nomenclatural Reference	17
204	Nomenclatural Reference	45
205	Nomenclatural Reference	6
206	Nomenclatural Reference	17
207	Nomenclatural Reference	6
208	Nomenclatural Reference	28
209	Nomenclatural Reference	10
210	Nomenclatural Reference	6
211	Nomenclatural Reference	6
212	Nomenclatural Reference	6
213	Nomenclatural Reference	32
214	Nomenclatural Reference	6
215	Nomenclatural Reference	10
216	Nomenclatural Reference	6
217	Nomenclatural Reference	70
218	Nomenclatural Reference	30
219	Nomenclatural Reference	32
220	Nomenclatural Reference	6
221	Nomenclatural Reference	20
222	Nomenclatural Reference	6
223	Nomenclatural Reference	6
224	Nomenclatural Reference	6
225	Nomenclatural Reference	20
226	Nomenclatural Reference	7
227	Nomenclatural Reference	72
228	Nomenclatural Reference	70
229	Nomenclatural Reference	73
230	Nomenclatural Reference	17
231	Nomenclatural Reference	17
232	Nomenclatural Reference	7
233	Nomenclatural Reference	10
234	Nomenclatural Reference	2
235	Nomenclatural Reference	6
236	Nomenclatural Reference	74
237	Nomenclatural Reference	75
238	Nomenclatural Reference	6
239	Nomenclatural Reference	16
240	Nomenclatural Reference	20
241	Nomenclatural Reference	20
242	Nomenclatural Reference	73
243	Nomenclatural Reference	20
244	Nomenclatural Reference	70
245	Nomenclatural Reference	16
246	Nomenclatural Reference	7
247	Nomenclatural Reference	16
248	Nomenclatural Reference	16
249	Nomenclatural Reference	6
250	Nomenclatural Reference	20
251	Nomenclatural Reference	17
252	Nomenclatural Reference	76
253	Nomenclatural Reference	6
254	Nomenclatural Reference	28
255	Nomenclatural Reference	20
256	Nomenclatural Reference	6
257	Nomenclatural Reference	70
258	Nomenclatural Reference	33
259	Nomenclatural Reference	73
260	Nomenclatural Reference	20
261	Nomenclatural Reference	50
262	Nomenclatural Reference	28
263	Nomenclatural Reference	6
264	Nomenclatural Reference	54
265	Nomenclatural Reference	6
266	Nomenclatural Reference	6
267	Nomenclatural Reference	17
268	Nomenclatural Reference	6
269	Nomenclatural Reference	20
270	Nomenclatural Reference	6
271	Nomenclatural Reference	6
272	Nomenclatural Reference	33
273	Nomenclatural Reference	6
274	Nomenclatural Reference	18
275	Nomenclatural Reference	17
276	Nomenclatural Reference	20
277	Nomenclatural Reference	17
278	Nomenclatural Reference	77
279	Nomenclatural Reference	28
280	Nomenclatural Reference	20
281	Nomenclatural Reference	28
282	Nomenclatural Reference	78
283	Nomenclatural Reference	7
284	Nomenclatural Reference	20
285	Nomenclatural Reference	30
286	Nomenclatural Reference	6
287	Nomenclatural Reference	17
288	Nomenclatural Reference	6
289	Nomenclatural Reference	28
290	Nomenclatural Reference	33
291	Nomenclatural Reference	79
292	Nomenclatural Reference	6
293	Nomenclatural Reference	7
294	Nomenclatural Reference	6
295	Nomenclatural Reference	6
296	Nomenclatural Reference	33
297	Nomenclatural Reference	6
298	Nomenclatural Reference	17
299	Nomenclatural Reference	20
300	Nomenclatural Reference	80
301	Nomenclatural Reference	17
302	Nomenclatural Reference	6
303	Nomenclatural Reference	16
304	Nomenclatural Reference	6
305	Nomenclatural Reference	33
306	Nomenclatural Reference	6
307	Nomenclatural Reference	6
308	Nomenclatural Reference	6
309	Nomenclatural Reference	20
310	Nomenclatural Reference	6
311	Nomenclatural Reference	6
312	Nomenclatural Reference	6
313	Nomenclatural Reference	169
314	Nomenclatural Reference	6
315	Nomenclatural Reference	73
316	Nomenclatural Reference	17
317	Nomenclatural Reference	6
318	Nomenclatural Reference	28
319	Nomenclatural Reference	6
320	Nomenclatural Reference	70
321	Nomenclatural Reference	17
322	Nomenclatural Reference	6
323	Nomenclatural Reference	33
324	Nomenclatural Reference	28
325	Nomenclatural Reference	28
326	Nomenclatural Reference	6
327	Nomenclatural Reference	6
328	Nomenclatural Reference	6
329	Nomenclatural Reference	6
330	Nomenclatural Reference	54
331	Nomenclatural Reference	6
332	Nomenclatural Reference	28
333	Nomenclatural Reference	81
334	Nomenclatural Reference	6
335	Nomenclatural Reference	6
336	Nomenclatural Reference	17
337	Nomenclatural Reference	6
338	Nomenclatural Reference	50
339	Nomenclatural Reference	82
340	Nomenclatural Reference	64
341	Nomenclatural Reference	83
342	Nomenclatural Reference	64
343	Nomenclatural Reference	84
344	Nomenclatural Reference	69
345	Nomenclatural Reference	33
346	Nomenclatural Reference	85
347	Nomenclatural Reference	46
348	Nomenclatural Reference	69
349	Nomenclatural Reference	83
350	Nomenclatural Reference	69
351	Nomenclatural Reference	69
352	Nomenclatural Reference	83
353	Nomenclatural Reference	54
354	Nomenclatural Reference	69
355	Nomenclatural Reference	69
356	Nomenclatural Reference	12
357	Nomenclatural Reference	69
358	Nomenclatural Reference	83
359	Nomenclatural Reference	86
360	Nomenclatural Reference	69
361	Nomenclatural Reference	40
362	Nomenclatural Reference	69
363	Nomenclatural Reference	64
364	Nomenclatural Reference	83
365	Nomenclatural Reference	83
366	Nomenclatural Reference	87
367	Nomenclatural Reference	69
368	Nomenclatural Reference	83
369	Nomenclatural Reference	67
370	Nomenclatural Reference	22
371	Nomenclatural Reference	69
372	Nomenclatural Reference	69
373	Nomenclatural Reference	69
374	Nomenclatural Reference	27
375	Nomenclatural Reference	69
376	Nomenclatural Reference	69
377	Nomenclatural Reference	69
378	Nomenclatural Reference	27
379	Nomenclatural Reference	69
380	Nomenclatural Reference	27
381	Nomenclatural Reference	69
382	Nomenclatural Reference	61
383	Nomenclatural Reference	88
384	Nomenclatural Reference	89
385	Nomenclatural Reference	42
386	Nomenclatural Reference	61
387	Nomenclatural Reference	90
388	Nomenclatural Reference	37
389	Nomenclatural Reference	91
390	Nomenclatural Reference	37
391	Nomenclatural Reference	2
392	Nomenclatural Reference	92
393	Nomenclatural Reference	22
394	Nomenclatural Reference	55
395	Nomenclatural Reference	55
396	Nomenclatural Reference	22
397	Nomenclatural Reference	42
398	Nomenclatural Reference	57
399	Nomenclatural Reference	57
400	Nomenclatural Reference	25
401	Nomenclatural Reference	57
402	Nomenclatural Reference	57
403	Nomenclatural Reference	61
404	Nomenclatural Reference	61
405	Nomenclatural Reference	62
406	Nomenclatural Reference	57
407	Nomenclatural Reference	7
408	Nomenclatural Reference	11
409	Nomenclatural Reference	17
410	Nomenclatural Reference	17
411	Nomenclatural Reference	17
412	Nomenclatural Reference	6
413	Nomenclatural Reference	2
414	Nomenclatural Reference	93
415	Nomenclatural Reference	50
416	Nomenclatural Reference	70
417	Nomenclatural Reference	50
418	Nomenclatural Reference	70
419	Nomenclatural Reference	70
420	Nomenclatural Reference	6
421	Nomenclatural Reference	69
422	Nomenclatural Reference	69
423	Nomenclatural Reference	83
424	Nomenclatural Reference	69
425	Nomenclatural Reference	69
426	Nomenclatural Reference	69
427	Nomenclatural Reference	2
428	Nomenclatural Reference	69
429	Nomenclatural Reference	69
430	Nomenclatural Reference	69
431	Nomenclatural Reference	69
432	Nomenclatural Reference	69
433	Nomenclatural Reference	69
434	Nomenclatural Reference	69
435	Nomenclatural Reference	69
436	Nomenclatural Reference	69
437	Nomenclatural Reference	91
438	Nomenclatural Reference	69
439	Nomenclatural Reference	27
440	Nomenclatural Reference	31
441	Nomenclatural Reference	30
442	Nomenclatural Reference	36
443	Nomenclatural Reference	27
444	Nomenclatural Reference	22
445	Nomenclatural Reference	37
446	Nomenclatural Reference	94
447	Nomenclatural Reference	22
448	Nomenclatural Reference	22
449	Nomenclatural Reference	22
450	Nomenclatural Reference	22
451	Nomenclatural Reference	22
452	Nomenclatural Reference	39
453	Nomenclatural Reference	22
454	Nomenclatural Reference	27
455	Nomenclatural Reference	37
456	Nomenclatural Reference	22
457	Nomenclatural Reference	6
458	Nomenclatural Reference	22
459	Nomenclatural Reference	22
460	Nomenclatural Reference	40
461	Nomenclatural Reference	54
462	Nomenclatural Reference	41
463	Nomenclatural Reference	22
464	Nomenclatural Reference	43
465	Nomenclatural Reference	22
466	Nomenclatural Reference	44
467	Nomenclatural Reference	45
468	Nomenclatural Reference	28
469	Nomenclatural Reference	20
470	Nomenclatural Reference	29
471	Nomenclatural Reference	33
472	Nomenclatural Reference	95
473	Nomenclatural Reference	28
474	Nomenclatural Reference	20
475	Nomenclatural Reference	49
476	Nomenclatural Reference	28
477	Nomenclatural Reference	29
478	Nomenclatural Reference	56
479	Nomenclatural Reference	6
480	Nomenclatural Reference	58
481	Nomenclatural Reference	59
482	Nomenclatural Reference	18
483	Nomenclatural Reference	93
484	Nomenclatural Reference	60
485	Nomenclatural Reference	18
486	Nomenclatural Reference	96
487	Nomenclatural Reference	60
488	Nomenclatural Reference	60
489	Nomenclatural Reference	17
490	Nomenclatural Reference	17
491	Nomenclatural Reference	17
492	Nomenclatural Reference	6
493	Nomenclatural Reference	97
494	Nomenclatural Reference	64
495	Nomenclatural Reference	65
496	Nomenclatural Reference	66
497	Nomenclatural Reference	22
498	Nomenclatural Reference	22
499	Nomenclatural Reference	22
500	Nomenclatural Reference	22
501	Nomenclatural Reference	62
502	Nomenclatural Reference	64
503	Nomenclatural Reference	6
504	Nomenclatural Reference	26
505	Nomenclatural Reference	37
506	Nomenclatural Reference	6
507	Nomenclatural Reference	20
508	Nomenclatural Reference	20
509	Nomenclatural Reference	71
510	Nomenclatural Reference	17
511	Nomenclatural Reference	45
512	Nomenclatural Reference	20
513	Nomenclatural Reference	17
514	Nomenclatural Reference	32
515	Nomenclatural Reference	80
516	Nomenclatural Reference	59
517	Nomenclatural Reference	17
518	Nomenclatural Reference	17
519	Nomenclatural Reference	28
520	Nomenclatural Reference	17
521	Nomenclatural Reference	6
522	Nomenclatural Reference	74
523	Nomenclatural Reference	17
524	Nomenclatural Reference	75
525	Nomenclatural Reference	17
526	Nomenclatural Reference	17
527	Nomenclatural Reference	18
528	Nomenclatural Reference	20
529	Nomenclatural Reference	17
530	Nomenclatural Reference	17
531	Nomenclatural Reference	20
532	Nomenclatural Reference	28
533	Nomenclatural Reference	78
534	Nomenclatural Reference	9
535	Nomenclatural Reference	17
536	Nomenclatural Reference	28
537	Nomenclatural Reference	79
538	Nomenclatural Reference	17
539	Nomenclatural Reference	20
540	Nomenclatural Reference	80
541	Nomenclatural Reference	17
542	Nomenclatural Reference	20
543	Nomenclatural Reference	20
544	Nomenclatural Reference	17
545	Nomenclatural Reference	28
546	Nomenclatural Reference	17
547	Nomenclatural Reference	20
548	Nomenclatural Reference	20
549	Nomenclatural Reference	20
550	Nomenclatural Reference	16
551	Nomenclatural Reference	98
552	Nomenclatural Reference	17
553	Nomenclatural Reference	20
554	Nomenclatural Reference	82
555	Nomenclatural Reference	64
556	Nomenclatural Reference	83
557	Nomenclatural Reference	64
558	Nomenclatural Reference	84
559	Nomenclatural Reference	33
560	Nomenclatural Reference	85
561	Nomenclatural Reference	7
562	Nomenclatural Reference	83
563	Nomenclatural Reference	83
564	Nomenclatural Reference	54
565	Nomenclatural Reference	12
566	Nomenclatural Reference	83
567	Nomenclatural Reference	86
568	Nomenclatural Reference	40
569	Nomenclatural Reference	2
570	Nomenclatural Reference	65
571	Nomenclatural Reference	64
572	Nomenclatural Reference	83
573	Nomenclatural Reference	83
574	Nomenclatural Reference	87
575	Nomenclatural Reference	83
576	Nomenclatural Reference	67
577	Nomenclatural Reference	22
578	Nomenclatural Reference	27
579	Nomenclatural Reference	27
580	Nomenclatural Reference	27
581	Nomenclatural Reference	88
582	Nomenclatural Reference	42
583	Nomenclatural Reference	37
584	Nomenclatural Reference	97
585	Nomenclatural Reference	69
586	Nomenclatural Reference	91
587	Nomenclatural Reference	37
588	Nomenclatural Reference	65
652	Nomenclatural Reference	6
653	Nomenclatural Reference	6
654	Nomenclatural Reference	99
655	Nomenclatural Reference	6
656	Nomenclatural Reference	23
657	Nomenclatural Reference	79
658	Nomenclatural Reference	10
659	Nomenclatural Reference	100
439	Taxonomic Acceptance Reference	19
440	Taxonomic Acceptance Reference	24
441	Taxonomic Acceptance Reference	19
442	Taxonomic Acceptance Reference	19
443	Taxonomic Acceptance Reference	19
444	Taxonomic Acceptance Reference	19
445	Taxonomic Acceptance Reference	19
446	Taxonomic Acceptance Reference	22
447	Taxonomic Acceptance Reference	19
448	Taxonomic Acceptance Reference	19
449	Taxonomic Acceptance Reference	19
450	Taxonomic Acceptance Reference	19
451	Taxonomic Acceptance Reference	19
452	Taxonomic Acceptance Reference	19
453	Taxonomic Acceptance Reference	19
454	Taxonomic Acceptance Reference	19
455	Taxonomic Acceptance Reference	19
456	Taxonomic Acceptance Reference	19
457	Taxonomic Acceptance Reference	19
458	Taxonomic Acceptance Reference	19
459	Taxonomic Acceptance Reference	19
460	Taxonomic Acceptance Reference	19
461	Taxonomic Acceptance Reference	22
462	Taxonomic Acceptance Reference	19
463	Taxonomic Acceptance Reference	19
464	Taxonomic Acceptance Reference	19
465	Taxonomic Acceptance Reference	19
466	Taxonomic Acceptance Reference	19
467	Taxonomic Acceptance Reference	19
468	Taxonomic Acceptance Reference	19
469	Taxonomic Acceptance Reference	19
470	Taxonomic Acceptance Reference	19
471	Taxonomic Acceptance Reference	19
472	Taxonomic Acceptance Reference	19
473	Taxonomic Acceptance Reference	48
474	Taxonomic Acceptance Reference	19
475	Taxonomic Acceptance Reference	19
476	Taxonomic Acceptance Reference	19
477	Taxonomic Acceptance Reference	24
478	Taxonomic Acceptance Reference	19
479	Taxonomic Acceptance Reference	19
480	Taxonomic Acceptance Reference	19
481	Taxonomic Acceptance Reference	19
482	Taxonomic Acceptance Reference	6
483	Taxonomic Acceptance Reference	19
484	Taxonomic Acceptance Reference	6
485	Taxonomic Acceptance Reference	19
486	Taxonomic Acceptance Reference	101
487	Taxonomic Acceptance Reference	19
488	Taxonomic Acceptance Reference	19
489	Taxonomic Acceptance Reference	6
490	Taxonomic Acceptance Reference	6
491	Taxonomic Acceptance Reference	6
492	Taxonomic Acceptance Reference	62
493	Taxonomic Acceptance Reference	22
494	Taxonomic Acceptance Reference	19
495	Taxonomic Acceptance Reference	19
496	Taxonomic Acceptance Reference	19
497	Taxonomic Acceptance Reference	61
498	Taxonomic Acceptance Reference	19
499	Taxonomic Acceptance Reference	19
500	Taxonomic Acceptance Reference	19
501	Taxonomic Acceptance Reference	19
502	Taxonomic Acceptance Reference	19
503	Taxonomic Acceptance Reference	19
504	Taxonomic Acceptance Reference	69
505	Taxonomic Acceptance Reference	19
506	Taxonomic Acceptance Reference	19
507	Taxonomic Acceptance Reference	19
508	Taxonomic Acceptance Reference	24
509	Taxonomic Acceptance Reference	19
510	Taxonomic Acceptance Reference	19
511	Taxonomic Acceptance Reference	19
512	Taxonomic Acceptance Reference	24
513	Taxonomic Acceptance Reference	19
514	Taxonomic Acceptance Reference	24
515	Taxonomic Acceptance Reference	102
516	Taxonomic Acceptance Reference	6
517	Taxonomic Acceptance Reference	19
518	Taxonomic Acceptance Reference	19
519	Taxonomic Acceptance Reference	7
520	Taxonomic Acceptance Reference	7
521	Taxonomic Acceptance Reference	19
522	Taxonomic Acceptance Reference	19
523	Taxonomic Acceptance Reference	6
524	Taxonomic Acceptance Reference	19
525	Taxonomic Acceptance Reference	7
526	Taxonomic Acceptance Reference	19
527	Taxonomic Acceptance Reference	19
528	Taxonomic Acceptance Reference	24
529	Taxonomic Acceptance Reference	19
530	Taxonomic Acceptance Reference	19
531	Taxonomic Acceptance Reference	19
532	Taxonomic Acceptance Reference	19
533	Taxonomic Acceptance Reference	19
534	Taxonomic Acceptance Reference	24
535	Taxonomic Acceptance Reference	19
536	Taxonomic Acceptance Reference	19
537	Taxonomic Acceptance Reference	19
538	Taxonomic Acceptance Reference	19
539	Taxonomic Acceptance Reference	32
540	Taxonomic Acceptance Reference	19
541	Taxonomic Acceptance Reference	19
542	Taxonomic Acceptance Reference	24
543	Taxonomic Acceptance Reference	24
544	Taxonomic Acceptance Reference	19
545	Taxonomic Acceptance Reference	19
546	Taxonomic Acceptance Reference	19
547	Taxonomic Acceptance Reference	24
548	Taxonomic Acceptance Reference	24
549	Taxonomic Acceptance Reference	32
550	Taxonomic Acceptance Reference	16
551	Taxonomic Acceptance Reference	24
552	Taxonomic Acceptance Reference	19
553	Taxonomic Acceptance Reference	32
554	Taxonomic Acceptance Reference	19
555	Taxonomic Acceptance Reference	19
556	Taxonomic Acceptance Reference	19
557	Taxonomic Acceptance Reference	19
558	Taxonomic Acceptance Reference	19
559	Taxonomic Acceptance Reference	19
560	Taxonomic Acceptance Reference	19
561	Taxonomic Acceptance Reference	69
562	Taxonomic Acceptance Reference	19
563	Taxonomic Acceptance Reference	19
564	Taxonomic Acceptance Reference	19
565	Taxonomic Acceptance Reference	19
566	Taxonomic Acceptance Reference	19
567	Taxonomic Acceptance Reference	19
568	Taxonomic Acceptance Reference	19
569	Taxonomic Acceptance Reference	19
570	Taxonomic Acceptance Reference	19
571	Taxonomic Acceptance Reference	19
572	Taxonomic Acceptance Reference	19
573	Taxonomic Acceptance Reference	19
574	Taxonomic Acceptance Reference	19
575	Taxonomic Acceptance Reference	19
576	Taxonomic Acceptance Reference	19
577	Taxonomic Acceptance Reference	19
578	Taxonomic Acceptance Reference	19
579	Taxonomic Acceptance Reference	19
580	Taxonomic Acceptance Reference	19
581	Taxonomic Acceptance Reference	19
582	Taxonomic Acceptance Reference	19
583	Taxonomic Acceptance Reference	19
584	Taxonomic Acceptance Reference	69
585	Taxonomic Acceptance Reference	19
586	Taxonomic Acceptance Reference	19
587	Taxonomic Acceptance Reference	19
588	Taxonomic Acceptance Reference	19
589	Nomenclatural Reference	12
590	Nomenclatural Reference	12
591	Nomenclatural Reference	12
592	Nomenclatural Reference	12
593	Nomenclatural Reference	12
594	Nomenclatural Reference	12
595	Nomenclatural Reference	12
596	Nomenclatural Reference	6
597	Nomenclatural Reference	12
598	Nomenclatural Reference	6
599	Nomenclatural Reference	12
600	Nomenclatural Reference	12
601	Nomenclatural Reference	11
602	Nomenclatural Reference	11
603	Nomenclatural Reference	99
604	Nomenclatural Reference	11
605	Nomenclatural Reference	6
606	Nomenclatural Reference	7
607	Nomenclatural Reference	12
608	Nomenclatural Reference	7
609	Nomenclatural Reference	12
610	Nomenclatural Reference	76
611	Nomenclatural Reference	17
612	Nomenclatural Reference	23
613	Nomenclatural Reference	79
614	Nomenclatural Reference	10
615	Nomenclatural Reference	12
616	Nomenclatural Reference	10
617	Nomenclatural Reference	10
618	Nomenclatural Reference	12
619	Nomenclatural Reference	12
620	Nomenclatural Reference	10
621	Nomenclatural Reference	10
622	Nomenclatural Reference	10
623	Nomenclatural Reference	10
624	Nomenclatural Reference	10
625	Nomenclatural Reference	12
626	Nomenclatural Reference	10
627	Nomenclatural Reference	10
628	Nomenclatural Reference	10
629	Nomenclatural Reference	10
630	Nomenclatural Reference	12
631	Nomenclatural Reference	103
632	Nomenclatural Reference	43
633	Nomenclatural Reference	103
634	Nomenclatural Reference	103
635	Nomenclatural Reference	104
636	Nomenclatural Reference	103
637	Nomenclatural Reference	43
638	Nomenclatural Reference	103
639	Nomenclatural Reference	103
640	Nomenclatural Reference	100
641	Nomenclatural Reference	6
642	Nomenclatural Reference	10
643	Nomenclatural Reference	6
644	Nomenclatural Reference	10
645	Nomenclatural Reference	6
646	Nomenclatural Reference	12
647	Nomenclatural Reference	12
648	Nomenclatural Reference	23
649	Nomenclatural Reference	10
650	Nomenclatural Reference	43
651	Nomenclatural Reference	10
652	Nomenclatural Reference	6
653	Nomenclatural Reference	6
654	Nomenclatural Reference	99
655	Nomenclatural Reference	6
656	Nomenclatural Reference	23
657	Nomenclatural Reference	79
658	Nomenclatural Reference	10
659	Nomenclatural Reference	100
652	Taxonomic Acceptance Reference	19
653	Taxonomic Acceptance Reference	19
654	Taxonomic Acceptance Reference	19
655	Taxonomic Acceptance Reference	19
656	Taxonomic Acceptance Reference	19
657	Taxonomic Acceptance Reference	19
658	Taxonomic Acceptance Reference	19
659	Taxonomic Acceptance Reference	19
660	Nomenclatural Reference	50
661	Nomenclatural Reference	10
662	Nomenclatural Reference	105
663	Nomenclatural Reference	10
664	Nomenclatural Reference	6
665	Nomenclatural Reference	20
666	Nomenclatural Reference	106
667	Nomenclatural Reference	10
668	Nomenclatural Reference	50
669	Nomenclatural Reference	10
670	Nomenclatural Reference	10
671	Nomenclatural Reference	10
672	Nomenclatural Reference	10
673	Nomenclatural Reference	10
674	Nomenclatural Reference	33
675	Nomenclatural Reference	6
676	Nomenclatural Reference	10
677	Nomenclatural Reference	10
678	Nomenclatural Reference	45
679	Nomenclatural Reference	49
680	Nomenclatural Reference	10
681	Nomenclatural Reference	10
682	Nomenclatural Reference	10
683	Nomenclatural Reference	28
684	Nomenclatural Reference	10
685	Nomenclatural Reference	20
686	Nomenclatural Reference	6
687	Nomenclatural Reference	10
688	Nomenclatural Reference	10
689	Nomenclatural Reference	6
690	Nomenclatural Reference	20
691	Nomenclatural Reference	27
692	Nomenclatural Reference	20
693	Nomenclatural Reference	10
694	Nomenclatural Reference	10
695	Nomenclatural Reference	7
696	Nomenclatural Reference	10
697	Nomenclatural Reference	33
698	Nomenclatural Reference	10
699	Nomenclatural Reference	33
700	Nomenclatural Reference	10
701	Nomenclatural Reference	10
702	Nomenclatural Reference	6
703	Nomenclatural Reference	10
704	Nomenclatural Reference	16
705	Nomenclatural Reference	9
706	Nomenclatural Reference	6
707	Nomenclatural Reference	10
708	Nomenclatural Reference	6
709	Nomenclatural Reference	57
710	Nomenclatural Reference	10
711	Nomenclatural Reference	6
712	Nomenclatural Reference	6
713	Nomenclatural Reference	10
714	Nomenclatural Reference	10
715	Nomenclatural Reference	20
716	Nomenclatural Reference	10
717	Nomenclatural Reference	10
718	Nomenclatural Reference	6
719	Nomenclatural Reference	10
720	Nomenclatural Reference	10
721	Nomenclatural Reference	71
722	Nomenclatural Reference	69
723	Nomenclatural Reference	20
724	Nomenclatural Reference	6
725	Nomenclatural Reference	10
726	Nomenclatural Reference	10
727	Nomenclatural Reference	10
728	Nomenclatural Reference	10
729	Nomenclatural Reference	10
730	Nomenclatural Reference	20
731	Nomenclatural Reference	16
732	Nomenclatural Reference	10
733	Nomenclatural Reference	49
734	Nomenclatural Reference	6
735	Nomenclatural Reference	10
736	Nomenclatural Reference	10
737	Nomenclatural Reference	10
738	Nomenclatural Reference	10
739	Nomenclatural Reference	6
740	Nomenclatural Reference	18
741	Nomenclatural Reference	10
742	Nomenclatural Reference	10
743	Nomenclatural Reference	17
744	Nomenclatural Reference	107
745	Nomenclatural Reference	10
746	Nomenclatural Reference	6
747	Nomenclatural Reference	51
748	Nomenclatural Reference	10
749	Nomenclatural Reference	49
750	Nomenclatural Reference	10
751	Nomenclatural Reference	10
752	Nomenclatural Reference	10
753	Nomenclatural Reference	20
754	Nomenclatural Reference	78
755	Nomenclatural Reference	10
756	Nomenclatural Reference	10
757	Nomenclatural Reference	10
758	Nomenclatural Reference	73
759	Nomenclatural Reference	10
760	Nomenclatural Reference	10
761	Nomenclatural Reference	10
762	Nomenclatural Reference	108
763	Nomenclatural Reference	73
764	Nomenclatural Reference	10
765	Nomenclatural Reference	45
766	Nomenclatural Reference	10
767	Nomenclatural Reference	28
768	Nomenclatural Reference	10
769	Nomenclatural Reference	6
770	Nomenclatural Reference	10
771	Nomenclatural Reference	20
772	Nomenclatural Reference	2
773	Nomenclatural Reference	10
774	Nomenclatural Reference	20
775	Nomenclatural Reference	10
776	Nomenclatural Reference	10
777	Nomenclatural Reference	10
778	Nomenclatural Reference	10
779	Nomenclatural Reference	17
780	Nomenclatural Reference	6
781	Nomenclatural Reference	10
782	Nomenclatural Reference	9
783	Nomenclatural Reference	6
784	Nomenclatural Reference	10
785	Nomenclatural Reference	20
786	Nomenclatural Reference	20
787	Nomenclatural Reference	20
788	Nomenclatural Reference	10
789	Nomenclatural Reference	20
790	Nomenclatural Reference	10
791	Nomenclatural Reference	50
792	Nomenclatural Reference	33
793	Nomenclatural Reference	26
794	Nomenclatural Reference	14
795	Nomenclatural Reference	109
796	Nomenclatural Reference	109
797	Nomenclatural Reference	109
798	Nomenclatural Reference	110
799	Nomenclatural Reference	110
800	Nomenclatural Reference	10
801	Nomenclatural Reference	51
802	Nomenclatural Reference	10
803	Nomenclatural Reference	10
804	Nomenclatural Reference	109
805	Nomenclatural Reference	10
806	Nomenclatural Reference	9
807	Nomenclatural Reference	10
808	Nomenclatural Reference	13
809	Nomenclatural Reference	6
810	Nomenclatural Reference	10
811	Nomenclatural Reference	111
812	Nomenclatural Reference	10
813	Nomenclatural Reference	13
814	Nomenclatural Reference	79
815	Nomenclatural Reference	6
816	Nomenclatural Reference	10
817	Nomenclatural Reference	10
818	Nomenclatural Reference	13
819	Nomenclatural Reference	10
820	Nomenclatural Reference	112
821	Nomenclatural Reference	112
822	Nomenclatural Reference	10
823	Nomenclatural Reference	33
824	Nomenclatural Reference	10
825	Nomenclatural Reference	10
826	Nomenclatural Reference	10
827	Nomenclatural Reference	10
828	Nomenclatural Reference	10
829	Nomenclatural Reference	10
830	Nomenclatural Reference	10
831	Nomenclatural Reference	10
832	Nomenclatural Reference	10
833	Nomenclatural Reference	10
834	Nomenclatural Reference	6
835	Nomenclatural Reference	10
836	Nomenclatural Reference	105
837	Nomenclatural Reference	10
838	Nomenclatural Reference	6
839	Nomenclatural Reference	6
840	Nomenclatural Reference	20
841	Nomenclatural Reference	31
842	Nomenclatural Reference	106
843	Nomenclatural Reference	10
844	Nomenclatural Reference	50
845	Nomenclatural Reference	10
846	Nomenclatural Reference	10
847	Nomenclatural Reference	10
848	Nomenclatural Reference	10
849	Nomenclatural Reference	10
850	Nomenclatural Reference	33
851	Nomenclatural Reference	113
852	Nomenclatural Reference	6
853	Nomenclatural Reference	10
854	Nomenclatural Reference	10
855	Nomenclatural Reference	45
856	Nomenclatural Reference	49
857	Nomenclatural Reference	10
858	Nomenclatural Reference	10
859	Nomenclatural Reference	10
860	Nomenclatural Reference	10
861	Nomenclatural Reference	20
862	Nomenclatural Reference	6
863	Nomenclatural Reference	10
864	Nomenclatural Reference	10
865	Nomenclatural Reference	6
866	Nomenclatural Reference	20
867	Nomenclatural Reference	27
868	Nomenclatural Reference	20
869	Nomenclatural Reference	10
870	Nomenclatural Reference	10
871	Nomenclatural Reference	7
872	Nomenclatural Reference	10
873	Nomenclatural Reference	33
874	Nomenclatural Reference	10
875	Nomenclatural Reference	33
876	Nomenclatural Reference	10
877	Nomenclatural Reference	10
878	Nomenclatural Reference	6
879	Nomenclatural Reference	10
880	Nomenclatural Reference	16
881	Nomenclatural Reference	9
882	Nomenclatural Reference	20
883	Nomenclatural Reference	6
884	Nomenclatural Reference	20
885	Nomenclatural Reference	10
886	Nomenclatural Reference	6
887	Nomenclatural Reference	57
888	Nomenclatural Reference	10
889	Nomenclatural Reference	6
890	Nomenclatural Reference	6
891	Nomenclatural Reference	10
892	Nomenclatural Reference	10
893	Nomenclatural Reference	20
894	Nomenclatural Reference	10
895	Nomenclatural Reference	10
896	Nomenclatural Reference	6
897	Nomenclatural Reference	10
898	Nomenclatural Reference	10
899	Nomenclatural Reference	71
900	Nomenclatural Reference	60
901	Nomenclatural Reference	17
902	Nomenclatural Reference	69
903	Nomenclatural Reference	20
904	Nomenclatural Reference	6
905	Nomenclatural Reference	10
906	Nomenclatural Reference	10
907	Nomenclatural Reference	10
908	Nomenclatural Reference	10
909	Nomenclatural Reference	10
910	Nomenclatural Reference	20
911	Nomenclatural Reference	16
912	Nomenclatural Reference	10
913	Nomenclatural Reference	49
914	Nomenclatural Reference	6
915	Nomenclatural Reference	10
916	Nomenclatural Reference	10
917	Nomenclatural Reference	10
918	Nomenclatural Reference	10
919	Nomenclatural Reference	6
920	Nomenclatural Reference	18
921	Nomenclatural Reference	10
922	Nomenclatural Reference	10
923	Nomenclatural Reference	17
924	Nomenclatural Reference	107
925	Nomenclatural Reference	17
926	Nomenclatural Reference	10
927	Nomenclatural Reference	6
928	Nomenclatural Reference	20
929	Nomenclatural Reference	20
930	Nomenclatural Reference	51
931	Nomenclatural Reference	10
932	Nomenclatural Reference	49
933	Nomenclatural Reference	10
934	Nomenclatural Reference	10
935	Nomenclatural Reference	10
936	Nomenclatural Reference	20
937	Nomenclatural Reference	78
938	Nomenclatural Reference	10
939	Nomenclatural Reference	10
940	Nomenclatural Reference	10
941	Nomenclatural Reference	73
942	Nomenclatural Reference	10
943	Nomenclatural Reference	10
944	Nomenclatural Reference	10
945	Nomenclatural Reference	108
946	Nomenclatural Reference	32
947	Nomenclatural Reference	73
948	Nomenclatural Reference	79
949	Nomenclatural Reference	10
950	Nomenclatural Reference	45
951	Nomenclatural Reference	10
952	Nomenclatural Reference	10
953	Nomenclatural Reference	6
954	Nomenclatural Reference	10
955	Nomenclatural Reference	20
956	Nomenclatural Reference	2
957	Nomenclatural Reference	10
958	Nomenclatural Reference	20
959	Nomenclatural Reference	10
960	Nomenclatural Reference	10
961	Nomenclatural Reference	10
962	Nomenclatural Reference	10
963	Nomenclatural Reference	17
964	Nomenclatural Reference	6
965	Nomenclatural Reference	10
966	Nomenclatural Reference	9
967	Nomenclatural Reference	31
968	Nomenclatural Reference	20
969	Nomenclatural Reference	6
970	Nomenclatural Reference	10
971	Nomenclatural Reference	20
972	Nomenclatural Reference	20
973	Nomenclatural Reference	20
974	Nomenclatural Reference	10
975	Nomenclatural Reference	20
976	Nomenclatural Reference	10
977	Nomenclatural Reference	50
978	Nomenclatural Reference	33
979	Nomenclatural Reference	14
980	Nomenclatural Reference	91
981	Nomenclatural Reference	110
982	Nomenclatural Reference	110
983	Nomenclatural Reference	51
984	Nomenclatural Reference	79
985	Nomenclatural Reference	9
986	Nomenclatural Reference	6
987	Nomenclatural Reference	78
988	Nomenclatural Reference	10
989	Nomenclatural Reference	6
836	Taxonomic Acceptance Reference	19
837	Taxonomic Acceptance Reference	19
838	Taxonomic Acceptance Reference	19
839	Taxonomic Acceptance Reference	19
840	Taxonomic Acceptance Reference	19
841	Taxonomic Acceptance Reference	32
842	Taxonomic Acceptance Reference	19
843	Taxonomic Acceptance Reference	19
844	Taxonomic Acceptance Reference	19
845	Taxonomic Acceptance Reference	19
846	Taxonomic Acceptance Reference	19
847	Taxonomic Acceptance Reference	19
848	Taxonomic Acceptance Reference	19
849	Taxonomic Acceptance Reference	19
850	Taxonomic Acceptance Reference	19
851	Taxonomic Acceptance Reference	10
852	Taxonomic Acceptance Reference	19
853	Taxonomic Acceptance Reference	19
854	Taxonomic Acceptance Reference	19
855	Taxonomic Acceptance Reference	19
856	Taxonomic Acceptance Reference	19
857	Taxonomic Acceptance Reference	19
858	Taxonomic Acceptance Reference	19
859	Taxonomic Acceptance Reference	19
860	Taxonomic Acceptance Reference	19
861	Taxonomic Acceptance Reference	19
862	Taxonomic Acceptance Reference	19
863	Taxonomic Acceptance Reference	19
864	Taxonomic Acceptance Reference	19
865	Taxonomic Acceptance Reference	19
866	Taxonomic Acceptance Reference	19
867	Taxonomic Acceptance Reference	19
868	Taxonomic Acceptance Reference	19
869	Taxonomic Acceptance Reference	19
870	Taxonomic Acceptance Reference	19
871	Taxonomic Acceptance Reference	19
872	Taxonomic Acceptance Reference	19
873	Taxonomic Acceptance Reference	19
874	Taxonomic Acceptance Reference	19
875	Taxonomic Acceptance Reference	19
876	Taxonomic Acceptance Reference	19
877	Taxonomic Acceptance Reference	19
878	Taxonomic Acceptance Reference	19
879	Taxonomic Acceptance Reference	19
880	Taxonomic Acceptance Reference	19
881	Taxonomic Acceptance Reference	19
882	Taxonomic Acceptance Reference	10
883	Taxonomic Acceptance Reference	19
884	Taxonomic Acceptance Reference	10
885	Taxonomic Acceptance Reference	19
886	Taxonomic Acceptance Reference	19
887	Taxonomic Acceptance Reference	19
888	Taxonomic Acceptance Reference	19
889	Taxonomic Acceptance Reference	19
890	Taxonomic Acceptance Reference	19
891	Taxonomic Acceptance Reference	19
892	Taxonomic Acceptance Reference	19
893	Taxonomic Acceptance Reference	19
894	Taxonomic Acceptance Reference	19
895	Taxonomic Acceptance Reference	19
896	Taxonomic Acceptance Reference	19
897	Taxonomic Acceptance Reference	19
898	Taxonomic Acceptance Reference	19
899	Taxonomic Acceptance Reference	19
900	Taxonomic Acceptance Reference	7
901	Taxonomic Acceptance Reference	7
902	Taxonomic Acceptance Reference	19
903	Taxonomic Acceptance Reference	19
904	Taxonomic Acceptance Reference	19
905	Taxonomic Acceptance Reference	19
906	Taxonomic Acceptance Reference	19
907	Taxonomic Acceptance Reference	19
908	Taxonomic Acceptance Reference	19
909	Taxonomic Acceptance Reference	19
910	Taxonomic Acceptance Reference	19
911	Taxonomic Acceptance Reference	19
912	Taxonomic Acceptance Reference	19
913	Taxonomic Acceptance Reference	19
914	Taxonomic Acceptance Reference	19
915	Taxonomic Acceptance Reference	19
916	Taxonomic Acceptance Reference	19
917	Taxonomic Acceptance Reference	19
918	Taxonomic Acceptance Reference	19
919	Taxonomic Acceptance Reference	19
920	Taxonomic Acceptance Reference	19
921	Taxonomic Acceptance Reference	19
922	Taxonomic Acceptance Reference	19
923	Taxonomic Acceptance Reference	19
924	Taxonomic Acceptance Reference	19
925	Taxonomic Acceptance Reference	24
926	Taxonomic Acceptance Reference	19
927	Taxonomic Acceptance Reference	19
928	Taxonomic Acceptance Reference	10
929	Taxonomic Acceptance Reference	10
930	Taxonomic Acceptance Reference	19
931	Taxonomic Acceptance Reference	19
932	Taxonomic Acceptance Reference	19
933	Taxonomic Acceptance Reference	19
934	Taxonomic Acceptance Reference	19
935	Taxonomic Acceptance Reference	19
936	Taxonomic Acceptance Reference	19
937	Taxonomic Acceptance Reference	19
938	Taxonomic Acceptance Reference	19
939	Taxonomic Acceptance Reference	19
940	Taxonomic Acceptance Reference	19
941	Taxonomic Acceptance Reference	19
942	Taxonomic Acceptance Reference	19
943	Taxonomic Acceptance Reference	19
944	Taxonomic Acceptance Reference	19
945	Taxonomic Acceptance Reference	19
946	Taxonomic Acceptance Reference	24
947	Taxonomic Acceptance Reference	19
948	Taxonomic Acceptance Reference	10
949	Taxonomic Acceptance Reference	19
950	Taxonomic Acceptance Reference	19
951	Taxonomic Acceptance Reference	19
952	Taxonomic Acceptance Reference	19
953	Taxonomic Acceptance Reference	19
954	Taxonomic Acceptance Reference	10
955	Taxonomic Acceptance Reference	19
956	Taxonomic Acceptance Reference	19
957	Taxonomic Acceptance Reference	19
958	Taxonomic Acceptance Reference	19
959	Taxonomic Acceptance Reference	19
960	Taxonomic Acceptance Reference	19
961	Taxonomic Acceptance Reference	19
962	Taxonomic Acceptance Reference	19
963	Taxonomic Acceptance Reference	19
964	Taxonomic Acceptance Reference	19
965	Taxonomic Acceptance Reference	19
966	Taxonomic Acceptance Reference	19
967	Taxonomic Acceptance Reference	32
968	Taxonomic Acceptance Reference	10
969	Taxonomic Acceptance Reference	19
970	Taxonomic Acceptance Reference	19
971	Taxonomic Acceptance Reference	19
972	Taxonomic Acceptance Reference	19
973	Taxonomic Acceptance Reference	19
974	Taxonomic Acceptance Reference	19
975	Taxonomic Acceptance Reference	19
976	Taxonomic Acceptance Reference	19
977	Taxonomic Acceptance Reference	19
978	Taxonomic Acceptance Reference	19
979	Taxonomic Acceptance Reference	19
980	Taxonomic Acceptance Reference	16
981	Taxonomic Acceptance Reference	19
982	Taxonomic Acceptance Reference	19
983	Taxonomic Acceptance Reference	19
984	Taxonomic Acceptance Reference	109
985	Taxonomic Acceptance Reference	19
986	Taxonomic Acceptance Reference	19
987	Taxonomic Acceptance Reference	9
988	Taxonomic Acceptance Reference	109
989	Taxonomic Acceptance Reference	19
990	Nomenclatural Reference	23
991	Nomenclatural Reference	114
992	Nomenclatural Reference	115
993	Nomenclatural Reference	116
994	Nomenclatural Reference	74
995	Nomenclatural Reference	20
996	Nomenclatural Reference	115
997	Nomenclatural Reference	117
998	Nomenclatural Reference	117
999	Nomenclatural Reference	82
1000	Nomenclatural Reference	118
1001	Nomenclatural Reference	37
1002	Nomenclatural Reference	118
1003	Nomenclatural Reference	118
1004	Nomenclatural Reference	119
1005	Nomenclatural Reference	118
1006	Nomenclatural Reference	120
1007	Nomenclatural Reference	121
1008	Nomenclatural Reference	82
1009	Nomenclatural Reference	17
1010	Nomenclatural Reference	122
1011	Nomenclatural Reference	17
1012	Nomenclatural Reference	58
1013	Nomenclatural Reference	123
1014	Nomenclatural Reference	87
1015	Nomenclatural Reference	67
1016	Nomenclatural Reference	124
1017	Nomenclatural Reference	125
1018	Nomenclatural Reference	80
1019	Nomenclatural Reference	42
1020	Nomenclatural Reference	126
1021	Nomenclatural Reference	127
1022	Nomenclatural Reference	128
1023	Nomenclatural Reference	120
1024	Nomenclatural Reference	129
1025	Nomenclatural Reference	130
1026	Nomenclatural Reference	131
1027	Nomenclatural Reference	132
1028	Nomenclatural Reference	133
1029	Nomenclatural Reference	134
1030	Nomenclatural Reference	58
1031	Nomenclatural Reference	135
1032	Nomenclatural Reference	129
1033	Nomenclatural Reference	131
1034	Nomenclatural Reference	136
1035	Nomenclatural Reference	42
1036	Nomenclatural Reference	48
1037	Nomenclatural Reference	137
1038	Nomenclatural Reference	138
1039	Nomenclatural Reference	130
1040	Nomenclatural Reference	138
1041	Nomenclatural Reference	17
1042	Nomenclatural Reference	133
1043	Nomenclatural Reference	123
1044	Nomenclatural Reference	17
1045	Nomenclatural Reference	80
1046	Nomenclatural Reference	139
1047	Nomenclatural Reference	121
1048	Nomenclatural Reference	140
1049	Nomenclatural Reference	121
1050	Nomenclatural Reference	141
1051	Nomenclatural Reference	30
1052	Nomenclatural Reference	83
1053	Nomenclatural Reference	37
1054	Nomenclatural Reference	42
1055	Nomenclatural Reference	84
1056	Nomenclatural Reference	54
1057	Nomenclatural Reference	142
1058	Nomenclatural Reference	43
1059	Nomenclatural Reference	138
1060	Nomenclatural Reference	143
1061	Nomenclatural Reference	144
1062	Nomenclatural Reference	145
1063	Nomenclatural Reference	143
1064	Nomenclatural Reference	87
1065	Nomenclatural Reference	146
1066	Nomenclatural Reference	84
1067	Nomenclatural Reference	39
1068	Nomenclatural Reference	37
1069	Nomenclatural Reference	131
1070	Nomenclatural Reference	48
1071	Nomenclatural Reference	37
1072	Nomenclatural Reference	65
1073	Nomenclatural Reference	48
1074	Nomenclatural Reference	39
1075	Nomenclatural Reference	138
1076	Nomenclatural Reference	147
1077	Nomenclatural Reference	48
1078	Nomenclatural Reference	40
1079	Nomenclatural Reference	138
1080	Nomenclatural Reference	23
1081	Nomenclatural Reference	65
1082	Nomenclatural Reference	131
1083	Nomenclatural Reference	23
1084	Nomenclatural Reference	83
1085	Nomenclatural Reference	83
1086	Nomenclatural Reference	43
1087	Nomenclatural Reference	148
1088	Nomenclatural Reference	54
1089	Nomenclatural Reference	27
1090	Nomenclatural Reference	87
1091	Nomenclatural Reference	83
1092	Nomenclatural Reference	17
1093	Nomenclatural Reference	42
1094	Nomenclatural Reference	145
1095	Nomenclatural Reference	149
1096	Nomenclatural Reference	42
1097	Nomenclatural Reference	84
1098	Nomenclatural Reference	150
1099	Nomenclatural Reference	150
1100	Nomenclatural Reference	150
1101	Nomenclatural Reference	37
1102	Nomenclatural Reference	42
1103	Nomenclatural Reference	151
1104	Nomenclatural Reference	139
1105	Nomenclatural Reference	152
1106	Nomenclatural Reference	127
1107	Nomenclatural Reference	136
1108	Nomenclatural Reference	17
1109	Nomenclatural Reference	121
1110	Nomenclatural Reference	23
1111	Nomenclatural Reference	23
1112	Nomenclatural Reference	49
1113	Nomenclatural Reference	74
1114	Nomenclatural Reference	74
1115	Nomenclatural Reference	20
1116	Nomenclatural Reference	82
1117	Nomenclatural Reference	119
1118	Nomenclatural Reference	17
1119	Nomenclatural Reference	17
1120	Nomenclatural Reference	138
1121	Nomenclatural Reference	59
1122	Nomenclatural Reference	127
1123	Nomenclatural Reference	131
1124	Nomenclatural Reference	153
1125	Nomenclatural Reference	131
1126	Nomenclatural Reference	17
1127	Nomenclatural Reference	131
1128	Nomenclatural Reference	23
1129	Nomenclatural Reference	23
1130	Nomenclatural Reference	154
1131	Nomenclatural Reference	17
1132	Nomenclatural Reference	17
1133	Nomenclatural Reference	17
1134	Nomenclatural Reference	155
1135	Nomenclatural Reference	156
1136	Nomenclatural Reference	17
1137	Nomenclatural Reference	17
1138	Nomenclatural Reference	17
1139	Nomenclatural Reference	17
1140	Nomenclatural Reference	157
1141	Nomenclatural Reference	158
1142	Nomenclatural Reference	17
1143	Nomenclatural Reference	17
1144	Nomenclatural Reference	138
1145	Nomenclatural Reference	124
1146	Nomenclatural Reference	124
1147	Nomenclatural Reference	124
1148	Nomenclatural Reference	140
1149	Nomenclatural Reference	138
1150	Nomenclatural Reference	62
1151	Nomenclatural Reference	51
1152	Nomenclatural Reference	42
1153	Nomenclatural Reference	51
1154	Nomenclatural Reference	87
1155	Nomenclatural Reference	37
1156	Nomenclatural Reference	37
1157	Nomenclatural Reference	40
1158	Nomenclatural Reference	17
1159	Nomenclatural Reference	159
1160	Nomenclatural Reference	54
1161	Nomenclatural Reference	87
1162	Nomenclatural Reference	17
1163	Nomenclatural Reference	17
1164	Nomenclatural Reference	42
1165	Nomenclatural Reference	88
1166	Nomenclatural Reference	42
1167	Nomenclatural Reference	43
1114	Taxonomic Acceptance Reference	19
1115	Taxonomic Acceptance Reference	19
1116	Taxonomic Acceptance Reference	19
1117	Taxonomic Acceptance Reference	19
1118	Taxonomic Acceptance Reference	160
1119	Taxonomic Acceptance Reference	131
1120	Taxonomic Acceptance Reference	131
1121	Taxonomic Acceptance Reference	138
1122	Taxonomic Acceptance Reference	24
1123	Taxonomic Acceptance Reference	24
1124	Taxonomic Acceptance Reference	19
1125	Taxonomic Acceptance Reference	128
1126	Taxonomic Acceptance Reference	131
1127	Taxonomic Acceptance Reference	128
1128	Taxonomic Acceptance Reference	128
1129	Taxonomic Acceptance Reference	128
1130	Taxonomic Acceptance Reference	128
1131	Taxonomic Acceptance Reference	131
1132	Taxonomic Acceptance Reference	131
1133	Taxonomic Acceptance Reference	128
1134	Taxonomic Acceptance Reference	131
1135	Taxonomic Acceptance Reference	161
1136	Taxonomic Acceptance Reference	131
1137	Taxonomic Acceptance Reference	131
1138	Taxonomic Acceptance Reference	131
1139	Taxonomic Acceptance Reference	131
1140	Taxonomic Acceptance Reference	128
1141	Taxonomic Acceptance Reference	128
1142	Taxonomic Acceptance Reference	131
1143	Taxonomic Acceptance Reference	131
1144	Taxonomic Acceptance Reference	131
1145	Taxonomic Acceptance Reference	162
1146	Taxonomic Acceptance Reference	131
1147	Taxonomic Acceptance Reference	2
1148	Taxonomic Acceptance Reference	2
1149	Taxonomic Acceptance Reference	131
1150	Taxonomic Acceptance Reference	128
1151	Taxonomic Acceptance Reference	23
1152	Taxonomic Acceptance Reference	23
1153	Taxonomic Acceptance Reference	23
1154	Taxonomic Acceptance Reference	19
1155	Taxonomic Acceptance Reference	19
1156	Taxonomic Acceptance Reference	19
1157	Taxonomic Acceptance Reference	19
1158	Taxonomic Acceptance Reference	162
1159	Taxonomic Acceptance Reference	138
1160	Taxonomic Acceptance Reference	19
1161	Taxonomic Acceptance Reference	19
1162	Taxonomic Acceptance Reference	19
1163	Taxonomic Acceptance Reference	131
1164	Taxonomic Acceptance Reference	19
1165	Taxonomic Acceptance Reference	163
1166	Taxonomic Acceptance Reference	19
1167	Taxonomic Acceptance Reference	150
1268	Nomenclatural Reference	164
1269	Nomenclatural Reference	6
1270	Nomenclatural Reference	32
1271	Nomenclatural Reference	144
1272	Nomenclatural Reference	8
1273	Nomenclatural Reference	23
1274	Nomenclatural Reference	112
1275	Nomenclatural Reference	112
1276	Nomenclatural Reference	23
1277	Nomenclatural Reference	8
1278	Nomenclatural Reference	23
1279	Nomenclatural Reference	23
1280	Nomenclatural Reference	112
1281	Nomenclatural Reference	27
1282	Nomenclatural Reference	112
1283	Nomenclatural Reference	23
1284	Nomenclatural Reference	27
1285	Nomenclatural Reference	112
1286	Nomenclatural Reference	112
1287	Nomenclatural Reference	8
1288	Nomenclatural Reference	112
1289	Nomenclatural Reference	110
1290	Nomenclatural Reference	112
1291	Nomenclatural Reference	112
1292	Nomenclatural Reference	49
1293	Nomenclatural Reference	112
1294	Nomenclatural Reference	23
1295	Nomenclatural Reference	23
1296	Nomenclatural Reference	27
1297	Nomenclatural Reference	51
1298	Nomenclatural Reference	21
1299	Nomenclatural Reference	32
1300	Nomenclatural Reference	50
1301	Nomenclatural Reference	165
1302	Nomenclatural Reference	165
1303	Nomenclatural Reference	165
1304	Nomenclatural Reference	165
1305	Nomenclatural Reference	166
1306	Nomenclatural Reference	166
1307	Nomenclatural Reference	32
1308	Nomenclatural Reference	20
1309	Nomenclatural Reference	21
1310	Nomenclatural Reference	21
1311	Nomenclatural Reference	21
1312	Nomenclatural Reference	21
1313	Nomenclatural Reference	21
1314	Nomenclatural Reference	21
1315	Nomenclatural Reference	21
1316	Nomenclatural Reference	21
1317	Nomenclatural Reference	21
1318	Nomenclatural Reference	21
1319	Nomenclatural Reference	8
1320	Nomenclatural Reference	21
1321	Nomenclatural Reference	21
1322	Nomenclatural Reference	9
1323	Nomenclatural Reference	21
1324	Nomenclatural Reference	20
1325	Nomenclatural Reference	21
1326	Nomenclatural Reference	21
1327	Nomenclatural Reference	9
1328	Nomenclatural Reference	21
1329	Nomenclatural Reference	21
1330	Nomenclatural Reference	8
1331	Nomenclatural Reference	18
1332	Nomenclatural Reference	21
1333	Nomenclatural Reference	21
1334	Nomenclatural Reference	21
1335	Nomenclatural Reference	8
1336	Nomenclatural Reference	8
1337	Nomenclatural Reference	8
1338	Nomenclatural Reference	8
1339	Nomenclatural Reference	21
1340	Nomenclatural Reference	100
1341	Nomenclatural Reference	8
1342	Nomenclatural Reference	21
1343	Nomenclatural Reference	79
1344	Nomenclatural Reference	8
1345	Nomenclatural Reference	17
1346	Nomenclatural Reference	17
1347	Nomenclatural Reference	168
1348	Nomenclatural Reference	51
1349	Nomenclatural Reference	33
1350	Nomenclatural Reference	17
1351	Nomenclatural Reference	79
1352	Nomenclatural Reference	21
1353	Nomenclatural Reference	21
1354	Nomenclatural Reference	168
1355	Nomenclatural Reference	8
1356	Nomenclatural Reference	21
1357	Nomenclatural Reference	21
1358	Nomenclatural Reference	21
1359	Nomenclatural Reference	17
1360	Nomenclatural Reference	8
1361	Nomenclatural Reference	8
1362	Nomenclatural Reference	21
1363	Nomenclatural Reference	21
1364	Nomenclatural Reference	169
1365	Nomenclatural Reference	14
1366	Nomenclatural Reference	169
1367	Nomenclatural Reference	170
1368	Nomenclatural Reference	28
1369	Nomenclatural Reference	18
1370	Nomenclatural Reference	21
1371	Nomenclatural Reference	28
1372	Nomenclatural Reference	8
1373	Nomenclatural Reference	21
1374	Nomenclatural Reference	8
1375	Nomenclatural Reference	8
1376	Nomenclatural Reference	21
1377	Nomenclatural Reference	8
1378	Nomenclatural Reference	21
1379	Nomenclatural Reference	21
1380	Nomenclatural Reference	14
1381	Nomenclatural Reference	21
1382	Nomenclatural Reference	21
1383	Nomenclatural Reference	21
1384	Nomenclatural Reference	17
1385	Nomenclatural Reference	8
1386	Nomenclatural Reference	70
1387	Nomenclatural Reference	20
1388	Nomenclatural Reference	79
1389	Nomenclatural Reference	21
1390	Nomenclatural Reference	21
1391	Nomenclatural Reference	28
1392	Nomenclatural Reference	21
1393	Nomenclatural Reference	8
1394	Nomenclatural Reference	8
1395	Nomenclatural Reference	21
1396	Nomenclatural Reference	21
1397	Nomenclatural Reference	28
1398	Nomenclatural Reference	28
1399	Nomenclatural Reference	100
1400	Nomenclatural Reference	21
1401	Nomenclatural Reference	20
1402	Nomenclatural Reference	21
1403	Nomenclatural Reference	21
1404	Nomenclatural Reference	21
1405	Nomenclatural Reference	21
1406	Nomenclatural Reference	21
1407	Nomenclatural Reference	45
1408	Nomenclatural Reference	28
1409	Nomenclatural Reference	21
1410	Nomenclatural Reference	21
1411	Nomenclatural Reference	8
1412	Nomenclatural Reference	21
1413	Nomenclatural Reference	8
1414	Nomenclatural Reference	8
1415	Nomenclatural Reference	14
1416	Nomenclatural Reference	69
1417	Nomenclatural Reference	21
1418	Nomenclatural Reference	32
1419	Nomenclatural Reference	74
1420	Nomenclatural Reference	168
1421	Nomenclatural Reference	71
1422	Nomenclatural Reference	17
1423	Nomenclatural Reference	14
1424	Nomenclatural Reference	20
1425	Nomenclatural Reference	8
1426	Nomenclatural Reference	8
1427	Nomenclatural Reference	74
1428	Nomenclatural Reference	8
1429	Nomenclatural Reference	172
1430	Nomenclatural Reference	8
1431	Nomenclatural Reference	8
1432	Nomenclatural Reference	169
1433	Nomenclatural Reference	7
1434	Nomenclatural Reference	168
1435	Nomenclatural Reference	43
1436	Nomenclatural Reference	17
1437	Nomenclatural Reference	17
1438	Nomenclatural Reference	51
1439	Nomenclatural Reference	23
1440	Nomenclatural Reference	23
1441	Nomenclatural Reference	23
1442	Nomenclatural Reference	23
1443	Nomenclatural Reference	23
1444	Nomenclatural Reference	23
1445	Nomenclatural Reference	23
1446	Nomenclatural Reference	166
1447	Nomenclatural Reference	28
1448	Nomenclatural Reference	166
1449	Nomenclatural Reference	166
1450	Nomenclatural Reference	21
1451	Nomenclatural Reference	21
1452	Nomenclatural Reference	21
1453	Nomenclatural Reference	21
1454	Nomenclatural Reference	100
1455	Nomenclatural Reference	21
1456	Nomenclatural Reference	21
1457	Nomenclatural Reference	21
1458	Nomenclatural Reference	21
1459	Nomenclatural Reference	21
1460	Nomenclatural Reference	21
1461	Nomenclatural Reference	21
1462	Nomenclatural Reference	21
1463	Nomenclatural Reference	21
1464	Nomenclatural Reference	21
1465	Nomenclatural Reference	21
1466	Nomenclatural Reference	21
1467	Nomenclatural Reference	21
1468	Nomenclatural Reference	8
1469	Nomenclatural Reference	21
1470	Nomenclatural Reference	21
1471	Nomenclatural Reference	21
1472	Nomenclatural Reference	21
1473	Nomenclatural Reference	21
1474	Nomenclatural Reference	14
1475	Nomenclatural Reference	21
1476	Nomenclatural Reference	21
1477	Nomenclatural Reference	21
1478	Nomenclatural Reference	21
1479	Nomenclatural Reference	8
1380	Nomenclatural Reference	21
1381	Nomenclatural Reference	21
1382	Nomenclatural Reference	21
1383	Nomenclatural Reference	21
1384	Nomenclatural Reference	21
1385	Nomenclatural Reference	165
1386	Nomenclatural Reference	18
1387	Nomenclatural Reference	172
1388	Nomenclatural Reference	173
1389	Nomenclatural Reference	74
1390	Nomenclatural Reference	17
1391	Nomenclatural Reference	6
1392	Nomenclatural Reference	32
1393	Nomenclatural Reference	8
1394	Nomenclatural Reference	51
1395	Nomenclatural Reference	49
1396	Nomenclatural Reference	51
1397	Nomenclatural Reference	32
1398	Nomenclatural Reference	32
1399	Nomenclatural Reference	20
1400	Nomenclatural Reference	8
1401	Nomenclatural Reference	20
1402	Nomenclatural Reference	9
1403	Nomenclatural Reference	20
1404	Nomenclatural Reference	8
1405	Nomenclatural Reference	8
1406	Nomenclatural Reference	18
1407	Nomenclatural Reference	171
1408	Nomenclatural Reference	8
1409	Nomenclatural Reference	8
1410	Nomenclatural Reference	8
1411	Nomenclatural Reference	8
1412	Nomenclatural Reference	100
1413	Nomenclatural Reference	8
1414	Nomenclatural Reference	14
1415	Nomenclatural Reference	79
1416	Nomenclatural Reference	8
1417	Nomenclatural Reference	17
1418	Nomenclatural Reference	17
1419	Nomenclatural Reference	168
1420	Nomenclatural Reference	51
1421	Nomenclatural Reference	33
1422	Nomenclatural Reference	17
1423	Nomenclatural Reference	79
1424	Nomenclatural Reference	168
1425	Nomenclatural Reference	60
1426	Nomenclatural Reference	8
1427	Nomenclatural Reference	14
1428	Nomenclatural Reference	8
1429	Nomenclatural Reference	8
1430	Nomenclatural Reference	8
1431	Nomenclatural Reference	169
1432	Nomenclatural Reference	14
1433	Nomenclatural Reference	169
1434	Nomenclatural Reference	170
1435	Nomenclatural Reference	28
1436	Nomenclatural Reference	18
1437	Nomenclatural Reference	28
1438	Nomenclatural Reference	28
1439	Nomenclatural Reference	20
1440	Nomenclatural Reference	28
1441	Nomenclatural Reference	8
1442	Nomenclatural Reference	8
1443	Nomenclatural Reference	8
1444	Nomenclatural Reference	14
1445	Nomenclatural Reference	8
1446	Nomenclatural Reference	14
1447	Nomenclatural Reference	14
1448	Nomenclatural Reference	168
1449	Nomenclatural Reference	79
1450	Nomenclatural Reference	17
1451	Nomenclatural Reference	8
1452	Nomenclatural Reference	168
1453	Nomenclatural Reference	70
1454	Nomenclatural Reference	20
1455	Nomenclatural Reference	79
1456	Nomenclatural Reference	28
1457	Nomenclatural Reference	20
1458	Nomenclatural Reference	8
1459	Nomenclatural Reference	79
1460	Nomenclatural Reference	8
1461	Nomenclatural Reference	28
1462	Nomenclatural Reference	28
1463	Nomenclatural Reference	100
1464	Nomenclatural Reference	20
1465	Nomenclatural Reference	45
1466	Nomenclatural Reference	28
1467	Nomenclatural Reference	8
1468	Nomenclatural Reference	8
1469	Nomenclatural Reference	8
1470	Nomenclatural Reference	14
1471	Nomenclatural Reference	69
1472	Nomenclatural Reference	74
1473	Nomenclatural Reference	71
1474	Nomenclatural Reference	172
1475	Nomenclatural Reference	174
1476	Nomenclatural Reference	7
1477	Nomenclatural Reference	168
1478	Nomenclatural Reference	174
1479	Nomenclatural Reference	175
1480	Nomenclatural Reference	17
1385	Taxonomic Acceptance Reference	19
1386	Taxonomic Acceptance Reference	6
1387	Taxonomic Acceptance Reference	176
1388	Taxonomic Acceptance Reference	177
1389	Taxonomic Acceptance Reference	6
1390	Taxonomic Acceptance Reference	6
1391	Taxonomic Acceptance Reference	19
1392	Taxonomic Acceptance Reference	19
1393	Taxonomic Acceptance Reference	19
1394	Taxonomic Acceptance Reference	79
1395	Taxonomic Acceptance Reference	19
1396	Taxonomic Acceptance Reference	19
1397	Taxonomic Acceptance Reference	19
1398	Taxonomic Acceptance Reference	19
1399	Taxonomic Acceptance Reference	19
1400	Taxonomic Acceptance Reference	19
1401	Taxonomic Acceptance Reference	24
1402	Taxonomic Acceptance Reference	19
1403	Taxonomic Acceptance Reference	19
1404	Taxonomic Acceptance Reference	19
1405	Taxonomic Acceptance Reference	19
1406	Taxonomic Acceptance Reference	19
1407	Taxonomic Acceptance Reference	101
1408	Taxonomic Acceptance Reference	19
1409	Taxonomic Acceptance Reference	19
1410	Taxonomic Acceptance Reference	19
1411	Taxonomic Acceptance Reference	19
1412	Taxonomic Acceptance Reference	19
1413	Taxonomic Acceptance Reference	19
1414	Taxonomic Acceptance Reference	24
1415	Taxonomic Acceptance Reference	19
1416	Taxonomic Acceptance Reference	19
1417	Taxonomic Acceptance Reference	19
1418	Taxonomic Acceptance Reference	19
1419	Taxonomic Acceptance Reference	19
1420	Taxonomic Acceptance Reference	19
1421	Taxonomic Acceptance Reference	19
1422	Taxonomic Acceptance Reference	19
1423	Taxonomic Acceptance Reference	19
1424	Taxonomic Acceptance Reference	19
1425	Taxonomic Acceptance Reference	8
1426	Taxonomic Acceptance Reference	19
1427	Taxonomic Acceptance Reference	2
1428	Taxonomic Acceptance Reference	19
1429	Taxonomic Acceptance Reference	19
1430	Taxonomic Acceptance Reference	19
1431	Taxonomic Acceptance Reference	19
1432	Taxonomic Acceptance Reference	19
1433	Taxonomic Acceptance Reference	19
1434	Taxonomic Acceptance Reference	19
1435	Taxonomic Acceptance Reference	19
1436	Taxonomic Acceptance Reference	19
1437	Taxonomic Acceptance Reference	101
1438	Taxonomic Acceptance Reference	21
1439	Taxonomic Acceptance Reference	19
1440	Taxonomic Acceptance Reference	19
1441	Taxonomic Acceptance Reference	19
1442	Taxonomic Acceptance Reference	19
1443	Taxonomic Acceptance Reference	24
1444	Taxonomic Acceptance Reference	24
1445	Taxonomic Acceptance Reference	19
1446	Taxonomic Acceptance Reference	19
1447	Taxonomic Acceptance Reference	19
1448	Taxonomic Acceptance Reference	24
1449	Taxonomic Acceptance Reference	21
1450	Taxonomic Acceptance Reference	19
1451	Taxonomic Acceptance Reference	19
1452	Taxonomic Acceptance Reference	2
1453	Taxonomic Acceptance Reference	19
1454	Taxonomic Acceptance Reference	19
1455	Taxonomic Acceptance Reference	19
1456	Taxonomic Acceptance Reference	19
1457	Taxonomic Acceptance Reference	32
1458	Taxonomic Acceptance Reference	19
1459	Taxonomic Acceptance Reference	21
1460	Taxonomic Acceptance Reference	19
1461	Taxonomic Acceptance Reference	19
1462	Taxonomic Acceptance Reference	19
1463	Taxonomic Acceptance Reference	19
1464	Taxonomic Acceptance Reference	19
1465	Taxonomic Acceptance Reference	19
1466	Taxonomic Acceptance Reference	19
1467	Taxonomic Acceptance Reference	19
1468	Taxonomic Acceptance Reference	19
1469	Taxonomic Acceptance Reference	19
1470	Taxonomic Acceptance Reference	19
1471	Taxonomic Acceptance Reference	19
1472	Taxonomic Acceptance Reference	19
1473	Taxonomic Acceptance Reference	19
1474	Taxonomic Acceptance Reference	19
1475	Taxonomic Acceptance Reference	101
1476	Taxonomic Acceptance Reference	19
1477	Taxonomic Acceptance Reference	19
1478	Taxonomic Acceptance Reference	101
1479	Taxonomic Acceptance Reference	21
1480	Taxonomic Acceptance Reference	8
