ReferenceID	Authors	Year	Title	Source
1	Fairmaire L	1888a	Énumération des Coléopteres recueillis par M. le Dr. Hans Schinz dans le sud de l'Afrique	Annales de la Société Entomologique de France 6 173–202
2	Gebien H	1910b	Pars 15. Tenebrionidae I [pp. 1–166].	In Schenkling S Ed) Coleopterorum Catalogus Volumen XVIII. W. Junk, Berlin, 742 pp.
3	Gemminger M	1870	[new names]	In Harold E. von. Geänderte Namen. Coleopterologische Hefte 6 119–124.
4	Germar EF	1823	Species insectorum novae aut minus cognitae, descriptionibus illustratae. Volumen Primum.	Coleoptera. J. C. Hendelii et filii, Halae, 624 pp.
5	Guérin-Méneville FE	1834	Matériaux pour une classification des mélasomes. Extraits ďune monographie de cette famille).	Magasin de Zoologie 1 1–39
6	Haag-Rutenberg G	1871a	Beiträge zur Familie der Tenebrioniden II. Stück).	Coleopterologische Hefte VII 21–111.
7	Haag-Rutenberg G	1871b	Beiträge zur Familie der Tenebrioniden III. Stück).	Coleopterologische Hefte VIII 29–113.
8	Haag-Rutenberg G	1873	Beiträge zur Familie der Tenebrioniden IV. Stück).	Coleopterologische Hefte XI 1–49.
9	Haag-Rutenberg G	1879	Fernere Nachträge zu den Heteromeren-Monographien der Moluriden, Eurychoriden und Adesmiiden.	Deutsche Entomologische Zeitschrift 23 289–296
10	Koch C	1952	Die Tenebrioniden des südlichen Afrikas XIII Vorstudien zu einer Monographie der Molurini, 3. Col. Tenebrionidae).	Entomologische Arbeiten 3 214–349
11	Koch C	1962b	The Tenebrionidae of Southern Africa XXXII New psammophilous species from the Namib Desert	Annals of the Transvaal Museum 24 107–159
12	Louw S	1979	A partial revision of the subtribes Oxurina and Hypomelina Coleoptera Tenebrionidae Molurini).	Cimbebasia 5 95–177.
13	Penrith M-L	1986	Revision of the genera Bombocnodulus Koch and Brinckia Koch Coleoptera Tenebrionidae Molurini).	Journal of the Entomological Society of Southern Africa 49 55–85
14	Péringuey LA	1885	First contribution to the South-African Coleopterous Fauna.	Transactions of the South African philosophical Society 3 74–149
16	Péringuey LA	1908	Tenebrionidae und Curculionidae	Denkschriften der Medicinisch-Naturwissenschaftlichen Gesellschaft zu Jena 13 393–424
17	Solier AJJ	1843	Essai sur les collaptérides de la tribu des Molurites	Imprimerie Royale, Turin. 127 pp., 4 pls. [extract of Memorie della Reale Accademia delle Scienze di Torino, 2) 6 [1844] 213–339].
18	Thunberg CP	1787	Museum Naturalium Academiae Uppsaliensis	Cujus partem quartam. Publico examini subjicit P. Bjerkén. Joh. Edman, Uppsaliae [2] + 43–58 pp.
19	Kamiński et al.	2019	A catalogue of the tribe Sepidiini Eschscholtz, 1829 Tenebrionidae Pimeliinae) of the world	Zookeys 844: 1-121
20	Péringuey LA	1899	Fifth contribution to the South-African Coleopterous Fauna.	Annals of the South Africa Museum 1: 240–330
21	Koch C	1955	Monograph of the Tenebrionidae of southern Africa Vol I (Tentyriinae, Molurini Trachynotina: Somaticus Hope).	 Transvaal Museum Memoir 7, 242 pp
22	Wilke S	1921	Die Molurinen-Gattung Phrynocolus Lac. (Col., Tenebr.).	Archiv für Naturgeschichte 87: 161–174.
23	Koch C	1958	Tenebrionidae of Angola.	Publicacões Culturais da Companhia de Diamantes de Angola 39: 11–231.
24	Gebien H	1937a	Katalog der Tenebrioniden (Col. Heteromera). Teil I.	Pubblicazioni del Museo Entomologico «Pietro Rossi» 2: 505–883.
25	Koch C	1956	Die Tenebrioniden des Südlichen Afrikas – XXXVI Neue Melanolophus (Molurini) aus dem Museum Triest.	Atti del Museo Civico di Storia Naturale di Trieste 20: 170–176.
26	Kolbe HJ	1886	Neue Coleoptera von Westafrika.	Berliner entomologische Zeitschrift 27: 15–36.
27	Gebien H	1910a	Diagnosen der von Dr. Sheffield Neave im südlichen Kongo-Gebiet gesammelten Tenebrioniden nebst Beschreibungen neuer Arten aus Deutsch-Ostafrika.	Annales de la Société entomologique de Belgique 54: 144–182.
28	Fåhraeus OL	1870	Coleoptera Caffrariae, annis 1838–1845 a J. A. Wahlberg collecta. Heteromera descripsit.	Öfversigt af Kongliga Vetenskaps-Akademiens Förhandlingar 27: 243–358.
29	Péringuey LA	1896	Descriptions of new genera and species of Coleoptera from South Africa, chiefly from Zambezia.	The Transaction of the Entomological Society of London 1896: 149–189
30	Quedenfeldt G	1885	Verzeichniss der von Herrn Major a. D. von Mechow in Angola und am Quango-Strom 1878–1881 gesammelten Tenebrioniden und Cisteliden. 	Berliner entomologische Zeitschrift 29: 1–38. 
31	Fairmaire, 1899	1899	La Faune entomologique du Delagoa. In: Junod, HA Missionnaire avec la collaboration du Prof. E Bugnion.	Bulletin de la Société Vaudoise des Sciences Naturelles, XXXV: 162–188.
32	Péringuey LA	1904	Sixth contribution to the South African Coleopterous fauna	Annals of the South African Museum 3: 167–300.
33	Haag-Rutenberg G	1875	Beiträge zur Familie der Tenebrioniden (V. Stück). 	Coleopterologische Hefte XIV: 67–92.
34	Distant, 1892	1892	A Naturalist in the Transvaal.	R. H. Porter, London, 277 pp.
35	Koch C	1959	Erster taxonomischer Beitrag zur Kenntnis der Tenebrioniden Somalis.	Entomologischen Arbeiten aus dem Museum G. Frey Tutzing bei München 10: 568–596.
36	Waterhouse CO	1885	On the Insects collected on Kilima-njaro.	Journal of Zoology 53: 230–235.
37	Fairmaire L	1887	Coléoptères des voyages de MG Revoil chez les Somâlis et dan l’intérieur du Zanguebar.	Annales de la Société Entomologique de France 6: 69–186. 
38	Ardoin P	1977	Coleoptera Tenebrionidae. Scientific report of the Belgian Mt. Kenya bioexpedition, 1975. no 10.	Revue de Zoologie Africaine 91(4): 811–816.
39	Gestro R	1895	Esplorazione del Giuba e dei suoi affluenti compiuta dal Cap P. Bottego durante gli anni 1892–93 sotto gli auspicii Della Società Geografica Italiana. Risultati Zoologici. XVI Coleotteri.	Tipografia R. Istituto Sordo-Muti, Genova, 254 pp.
40	Gerstaecker A	1871	Beitrag zur Insektenfauna von Zanzibar. III. Coleoptera.	Archiv für Naturgeschichte 37(1): 42–86.
41	Kolbe HJ	1885	Zu Phrynocolis Lac. (Coleoptera) 	Berliner entomologische Zeitschrift, 29: 112.
42	Fairmaire L	1882a	[new taxa]. 	In: Fairmaire L, Lansberge V, Bourgeois J. Mission G. Révoil aux Pays Çomalis. Faune et Flore. Coléoptères recueillis par MG Révoil chez les Çomalis. Descriptions. Challamel Ainé, Paris, iv + 104 pp, 1 pl. [VI–1882]. 
43	Gebien H	1937b	Ueber neue Tenebrioniden Ostafrikas aus den Sammlungen des Museo Civico di Storia Nautrale di Trieste.	Atti del Museo Civico di Storia Naturale di Trieste 14(2): 21–56.
44	Guérin-Méneville FE	1845	 Description de quelques-uns des Insectes les plus remarquable découverts par M. A. Delegorcue dans les pays des Boschimans, des Ama Zoulous, des Massilicatzi et au Port Natal, pendant les années 1838, 39 , 40, 41, 42, 43 et 44. 	Revue Zoologique par La Société Cuvierienne VIII: 283–286.
45	Gerstaecker A	1854	[new species description].	Bericht über die zur Bekanntmachung geeigneten Verhandlungen der Königl. Preuss. Akademie der Wissenschaften zu Berlin: 530–534.
46	Robiche G	2013	Note sur le genre Psammodes Kirby, 1818 au Mozambique et descriptions de nouvelles espèces appartenant aux genres Psammophanes Lesne, 1922 et Dichtha Haag-Rutenberg, 1871 (Coleoptera, Tenebrionidae). 	Lambillionea 113: 155–166.
47	Brancsik K	1914	Coleoptera nova.	Bericht des Museumvereines für das Comitat Trencsén 1914: 58–69.
48	Fairmaire L	1894	Coléoptères de l’Afrique intertropicale et Australe (deuxième note).	Annales de la Société Entomologique de Belgique 38(6): 314–335.
49	Fairmaire L	1888b	Coléoptères nouveaux de l’Afrique du Musée de Leyde. 	Notes from the Leyden Museum 10: 255–271.
50	Koch C	1953b	 The Tenebrionidae of southern Africa XVII Contributions to the fauna of Angola.	Publicações Culturais da Companhia de Diamantes de Angola 16: 61–96.
51	Péringuey LA	1892	Third contribution to the South-African Coleopterous Fauna.	Transactions of the South African philosophical Society 6: 1–94.
52	Quedenfeldt G	1888	Beiträge zur Kenntniss der Koleopteren-Fauna von Central-Afrika nach den Ergebnissen der Lieutenant Wissman’schen Kassai-Expedition 1883 bis 1886. 	Berliner entomologische Zeitschrift 32: 155–219.
53	Koch C	1954a	Die Tenebrioniden des südlichen Afrikas XIX Zwei neue Distretus (Perdistretus) aus dem Belgischen Congo.	Annales du Musée du Congo belge 1: 435–439.
54	Fairmaire L	1897	Coléoptères nouveaux de l’Afrique intertropicale et Australe (4e note).	Annales de la Société Entomologique de France 66: 109–155.
55	Koch C	1962a	Analysis of the Madagascan components of the subfamily Tentyriinae (Tenebrionidae, Coleoptera) with revisions of the generic systematics of the Asidini from Africa south of the Sahara and the African, Asiatic and Palaearctic Epitragina of Tentyriini.	Mémoires de l’institut de la scientifique de Madagascar 13: 1–146.
56	Fairmaire L	1901	Matériaux pour la faune Coléoptèrique de la région Malagache (11e note).	Revue d’Entomologie 20(5/6): 101–248.
57	Koch C	1960	Dritter taxonomischer Beitrag zur Kenntnis der Tenebrioniden Somalias.	Memorie della Società Entomologica Italiana 38: 257–268.
58	Gahan CJ	1900	[new species description].	On a Collection, of Insects and Arachnids made in 1895 and 1897, by C V A Peel, FZS, in Somaliland, with Descriptions of new Species. By CVA Peel, FZS, EF Austen, FA. Dixey, MA, MD, Herbert Drece, FLS, FZS, CJ Gahax, MA, Gilbert J Arrow, R McLachlan, FRS., Malcolm Burr, FZS, and RI Pocock. Proceedings of the General Meetings for Scientific Business of the Zoological Society of London, 1259 pp.
59	Pallas PS	1781	Icones Insectorum praesertim Russiae sibiriaeque peculiarum quae collegit et descriptionibus illustravit. 	Wolfgangi Waltheri, Erlangae 4, 104 pp.
60	Herbst JFW	1799	Natursystem aller bekannten in- und ausländischen Insekten als eine Fortsetzung der von Büffonschen Naturgeschichte: Nach dem System des Ritters Carl von Linné bearbeitet von Carl Gustav Jablonsky, fortgesetzt von Johann Friedrich Wilhelm Herbst. 	Berlin, I–XVI.
61	Koch C	1969	 Sechster taxonomischer Beitrag zur Kenntnis der Tenebrioniden Somalias Abhandlungen über die tropisch-xerophilen Molurini-Gattungen Phrynocolus und Phrynophanes, sowie Untergattung Somalarabes von Psammophanes. 	Entomologische Arbeiten aus dem Museum G Frey Tutzing bei München 20: 1–35
62	Koch C	1951	Die Tenebrioniden des südlichen Afikas VII Arturium nov. gen. Molurinorum ex aff Phrynocolus Lac. 	Atti della Società Italiana di Scienze Naturali 90: 89–96
63	Wilke S	1922	Die Phrynocolus-Arten des Genueser zoologischen Museums. (Col. Tenebr.). 	Berliner entomologische Zeitschrift 1922: 381.
64	Gridelli E	1939b	Coleotteri dell’Africa Orientale Italiana. 11 Contributo. Materiali per lo studio della Fauna Eritrea raccolti nel 1901–03 dal Dott. Alfredo Andreini. 	Memorie della Società Entomologica Italiana 18: 219–258.
65	Fairmaire L	1891b	Coléoptères de l’Afrique Orientale.	Comptes-rendus des Séances de la Société Entomologique de Belgique 4(20): CCLXXIX–CCCVII.
66	Haag-Rutenberg G	1877	[new species description]	In: Vincenz G (Ed.) Zur Käfer-Fauna Central-Afrikas. Gesellschaft in Wien, XXVII, 501–522. 
67	Fairmaire L	1882b	Comptes-rendus des Séances de la Société Entomologique de Belgique	Annales de la Société entomologique de Belgique, 3(16): XLII–LX.
68	Mal N	2005	Description d’une espèce nouvelle du genre Physophrynus Fairmaire, 1882 (Coleoptera: Tenebrionidae: Molurini). 	Annales Zoologici 55: 9–10.
69	Koch C	1953a	Die Tenebrioniden des südlichen Afrikas XIV Über einige neue Molurini aus dem Ungarischen Naturwissenschaftlichen Museum zu Budapest (Vorarbeiten zu einer Monographie der Molurini, 4.	Annales historico-naturales Musei nationalis hungarici 44 (series nova 3): 137–181.
70	Koch C	1953c	The Tenebrionidae of Southern Africa XXIV. Vorläufige Beschreibung neuer Tenebrioniden des Südlichen Africas aus der Sammlung der Universität Lund.	Lund University Arsskrift 49: 1–24.
71	Olivier AG	1795	Entomologie, ou histoire naturelle des insectes, avec leur caractères génériques et spécifiques, leur description, leur synonymie, et leur figure enluminée. Coléoptères. Tome troisième. 	De Lanneau, Paris, 557 pp.
72	Linnaeus C	1760	Fauna Sueciae sistens animalia Sueciae regni: Mammalia, Aves, Amphibia, Pisces, Insecta, Vermes, distributa per classes, ordines, genera et species, cum diferentiis specierum, synonymis, auctorum, locis natalium, descriptionibus insectorum; editio altera, auctiora “1761”.	Laurentii et Salvi, Stockholmiae, 48 + 578 pp., 2 pl.
73	Harold E	1878	Diagnosen neuer Coleopteren aus dem innern Africa.	Mittheilungen der münchner entomologischen Verein 2: 99–111.
74	Laporte FLN de Caumont de Castelnau	1840	Histoire naturelle des insectes coléoptères; avec une introduction renfermant l’anatomie et la physiologie des animaux articulés, par M Brullé. Tome deuxième.	P Duménil, Paris, 563 pp.
75	Bertoloni J	1849	Illustratio rerum naturalium Mozambici. Dissertatio 1 de Coleopteris.	Novi Commentarii Academiae Scientiarum Instituti Bononiensis 10: 381–434. 
76	Kirby WF	1819	A century of insects, including several new genera described from his cabinet.	The Transactions of the Linnean Society of London 12 [1817] (2): 375–482
77	Gemminger M	1870	[new names].	In: Harold E von (Ed.) Geänderte Namen. Coleopterologische Hefte 6: 119–124. 
78	Westwood JO	1875	Descriptions of new Heteromerous Coleoptera. 	Ecological Entomology 23: 223–232.
79	Gebien H	1920	Käfer aus der Familie Tenebrionidae gesammelt auf der “Hamburger deutschsüdwestafrikanischenStudienreise 1911”.	Hamburgische Universität Abhandlungen aus der Auslandskunde Band 5. Reihe C Naturwissenschaften Band 2. Hamburg: L. Friederichsen & Co., 168 pp.
80	Fabricius JC	1775	Systema entomologicae, systens insectorum classes, ordines, genera, species, adiectis synonymis, locis, descriptionibus, observationibus.	Libraria Kortii, Flensburgi et Lipsiae, 832 pp.
81	Burchell WJ	1822	Travels in the Interior of Southern Africa. 	Longman, Hurst, Rees, Orme, and Brown, London, 586 pp. 
82	Fairmaire L	1884	Diagnoses de Coléoptères de l’Afrique Orientale. 	Comptes-rendus des Séances de la Société Entomologique de Belgique 3(42): LXX–LXXVIII.
83	Lesne P	1922	Bostrychides, Clérides, Sphindides, et Ténébrionides. In: Rothschild MB Voyage de M. le baron Maurice de Rothschild en Éthiopie et en Afrique Orientale Anglaise (1904–1905). Résultats scientifiques. Animaux articulés. Deuxième partie. 	Imprimerie Nationale, Paris, 483–1041. 
84	Gridelli E	1939a	Coleoptera Staphylinidae, Diversicornia, Heteromera, Lamellicornia, Chrysomelidae (Partim). Missione Biologica nel Paese dei Borana. 	Volume secondo Raccolte Zoologiche Parte prima Reale Accademia d’Italia, Centro Studi per l’Africa Orientale Italiana, Roma 2: 85–315. 
85	Reiche LJ	1850	Entomologie.	In: Ferret A, Galinier JG (Eds) Voyage en Abyssinie 1839–43, Voyage en Abyssinie dans les provinces du Tigré, du Samen et de l’Amhara. Paulin, Paris, 259–471, 13 pls.
86	Gebien H	1913	Coleoptera, Tenebrionidae. Wissenschaftliche ergebnisse der Deutschen ZentralAfrica-Expedition, 1907–1908: unter Führung Adolf Friedrichs, Herzogs zu Mecklenburg.	Band IV: 57–79.
87	Gerstaecker A	1884	Bestimmung der von Herr Dr. G. A. Fischer während seiner Reise nach dem Massai-Land gesammelten Coleopteren. 	Jahrbuch der Hamburgischen Wissenschaftlichen Anstalten zu Hamburg für 1883: 43–63.
88	Gebien H	1938	Die Tenebrioniden (Coleoptera Heteromera) der Namibwüste in Südwestafrika.	Abhandlungen herausgegeben vom Naturwissenschaftlichen Verein zu Bremen 30: 20–107.
89	Koch C	1965	Missione 1962 del Prof Giuseppe Scorecci nell’Arabia meridionale Coleotteri Tenebrionidae Includendo materiale di viaggi in Arabia del Sig G Popov (1962) e del Dr G Benardelli (1962–63.	Atti della Società italiana di scienze naturali e del Museo civile di storia naturale 104: 99–154.
90	Koch C	1962c	Vierter taxonomischer Beitrag zur Kenntnis der Tenebrioniden Somalias: über die von Prof G Scortecci 1953 und 1957 in der Migiurtinia Provinz gesammelten Arten. 	Atti della Società italiana di scienze naturali e del Museo civile di storia naturale 101: 237–270.
91	Kolbe HJ	1904	Über einige interessante Lamellicornier und Tenebrioniden Afrikas. 	Berliner entomologische Zeitschrift 49: 282–302.
92	Kaszab Z	1963	Angaben zur Kenntnis der Tenebrioniden des Tschadsee-Gebietes, nebst einer Revision der afrikanischen Mesomorphus-Arten (Coleoptera).	Revue de zoologie et de botanique africaines 67: 341–387.
93	Fabricius JC	1787	Mantissa Insectorum sistens eorum species detectas, adiectis characteribus, genericis, differentiis specificis, emendationibus, observationibus. Tom 1. 	Christ. Gottl. Proft, Hafniae, 348 pp.  
94	Kolbe HJ	1891	Aufzählung der von Herrn Dr. Hans Meyer im Jahre 1889 im Gebiete des Kilimandscharo- und Ugueno-Gebirges gesammelten Coleopteren Stettiner.	Entomologische Zeitung 52: 18–36.
95	Guérin-Méneville FE	1854	Description de quelques insectes les plus remarquables du Pays des Boshimans, des Ama-Zoulous, des Massilicatzi et du Port Natal.	Revue Zoologique 8: 283-286.
96	Thunberg CP	1821	Opatrum Insecti genus.	Reg. Academiae Typographi, Uppsaliae, i–v, 27–34.
97	Fairmaire L	1891a	Notes sur quelque Coléoptères de l’Afrique intertropicale et descriptions d’espèces nouvelles. 	Annales de la Société Entomologique de France 60: 231–274.
98	Amyot CJB	1835	M. de Pierret. M. Pierreti. Seville.	Magazin de Zoologie 9: pl. 129.
99	Gebien H	1938a	Die Tenebrioniden (Coleoptera Heteromera) der Namibwüste in Südwestafrika. 	Abhandlungen herausgegeben vom Naturwissenschaftlichen Verein zu Bremen 30: 20–107.
100	Hesse AJ	1935	Scientific results of the Vernay-Lang Kalahari Expedition, March to September, 1930. Tenebrionidae (Coleoptera).	Annals of the Transvaal Museum 16: 525–579.
101	Ferrer J	2009	The types of darkling beetles (Coleoptera: Tenebrionidae) described by Thunberg (1821, 1827) in Coleoptera Capensia and other papers, with taxonomic comments.	Boletin Sociedad Entomológica Aragonesa 44: 111–129.
102	Ferrer J, Holston K	2009	Identities of Tenebrio Linnaeus types at Uppsala, and the resulting changes in old darkling beetle names (Insecta: Coleoptera: Tenebrionidae).	 Zootaxa 2308: 29–42.
103	Kaszab Z	1972	The scientific results of Hungarian Zoological Expedition to Tanganyika. 15. Coleoptera: Tenebrionidae.	Annales historico-naturales Musei nationalis hungarici 63: 225–238.
104	Ferrer, 2004b	2004b	Tenebriónidos nuevos o interesantes del Museo de Génova (Coleoptera).	Annali del Musei Civico do Storia Naturale Giacomo Doria 96: 507–546.
105	Guérin-Méneville FE	1844	Insectes Magasin de Zoologie, D’ Anatomie Comparee et de Paleontologie.	Recueil, 377 pp. 
106	Ancey CF	1883	Contributions à la faune de l’Afrique Orientale Descriptions de Coléoptères nouveaux.	Il Naturalista Siciliano 2: 116–120.
107	Billberg CJ	1815	Insecta ex ordine coleopterorum descripta. Uppsala Kungliga Vetenskapliga Sällskapet.	Nova Acta 2: 271–281. 
108	Westwood JO	1864	[new species description].	Proceedings of the Zoological Society of London, 1864
109	Penrith M-L	1987	Revision of the genus Tarsocnodes Gebien (Coleoptera: Tenebrionidae: Molurini), and a description of a monotypical genus from the Kalahari.	Cimbebasia Series 7: 236–270.  
110	Müller CL	1887	Vierzehn neue Heteromeren von Bradshaw im Zambesi-Gebiete aufgefunden, mit Abbildungen von van de Poll. 	Tijdschrift voor entomologie 30: 297–308. 
111	Ferrer J, Evanno C, Evanno A	2010	Description of a new species of Tarsocnodes Gebien Coleoptera, Tenebrionidae, Molurini from Congo.	Boletin de la Sociedad Entomológica Aragonesa 47: 195–198.
112	Koch C	1954b	The Tenebrionidae of southern Africa XXVI New Port. East African species collected by Dr A J Barbosa. 	Revista da faculdade de ciencias, Universidade de Lisboa. Serie C. Ciencias Naturais 3: 239–310. 
113	Kolbe HJ	1883	Neue Coleoptera von Westafrika. 	Berliner entomologische Zeitschrift 27: 15–36.
114	Ardoin P	1979	Mission Balachowsky-Menier dan l’ancien territoire Français des Afars et des Issas. 	Bulletin de la Société Entomologique de France 8 4: 58–61.
115	Ferrer J	1995	Contribution to the knowledge of the Tenebrionidae of Somalia (Coleoptera).	Frustula Entomologica 18: 1–76.
116	Chevrolat	1874	Nouvelle espèce d’Échinotus. Genre voisin de Sepidium.	Revue et Magasin de Zoologie 3: 331.
117	Gestro R	1892	Di alcuni Coleotteri raccolti nel paese dei Somali. 	Annali del Museo Civico di Storia Naturale di Genova 32: 747–790.
118	Gestro R	1898	Contribuzione allo studio dei Sepidiini.	Annali del Museo Civico di Storia Naturale di Genova 34: 512–158.
119	Guérin-Méneville FE	1858	Description de deux coléoptères du genre Sepidium, dont l’un est pentamère et paraít étre le male, et l’autre est hétéromère.	Revue de Zoologie Pure et Appliquée (2) 10: 127–129. 
120	Escalera MM	1913	Una campaña entomológica en el Susy descripción de los coléopteros recogidos en ella.	Trabajos del Museo de Ciencias Naturales (Serie Zoologica) 8: 1–56. 
121	Erichson WF	1841	Über die Insecten von Algier mit besonderer Rücksicht auf ihre geographische Verbreitung.	In: Wagner MF (Ed.) Reisen in der Regentschaft Algier 1836, 1837 und 1838 nebst einem naturhistorischen Anhang und einem Kupferatlas. Dritter Band. L. Voss, Leipzig, 140–194. 
122	Fairmaire L	1871	Essai sur les Coléoptères de Barbarie.	Annales de la Société entomologique de France 10: 369–404. 
123	Mal N	1986b	Description de deux espèces nouvelles du genre “Sepidium” Fabricius, 1755 (Coleoptera Tenebrionidae). 	Atti del Museo Civico di Storia Naturale di Trieste 39: 151–157. 
124	Desbrochers des Loges J	1881	Insectes coléoptères du nord de l’Afrique nouveaux ou peu connus. ler Mémoire. Ténébrionides. 	Bulletin de I’Academie d’Hippone 16: 51–168.
125	Gestro R	1878	Diagnosi di alcune specie nuove di Coleotteri dell’Abssinia e del paese dei Somali. 	Annali del Museo Civico de Storia Naturale 13: 318–322.
126	Schuster A,	1928	Neue Tenebrioniden aus Cyrenaica (IV). 	Bollettino della Società Entomologica Italiana 60: 122–124.
127	Crotch GR	1872	List of the Coleoptera found during the Progress of the Survey.	In: Wilson CW, Palmer HS (Eds) Ordnance Survey of the Peninsula of Sinai. Vol. 1. Ordnance Survey Office, Southampton, 263–268.
128	Kwieton E	1980	Synopsis des espèces du genre Sepidium F. d’Algerie et de Tunisie (Col., Tenebrionidae).	Annotationes Zoologicae et Botanicae, 138: 1–19.
129	Escalera MM	1911	Coleópteros nuevos del S.W. de Marruecos.	Boletín de la Real Sociedad Española de Historia Natural 11: 299–304.
130	Antoine M	1932	Notes d’entomologie Marocaine. 	Bulletin de la Société des Sciences Naturelles du Maroc 12: 173–188. 
131	Reitter E	1914	Bestimmungs-Tabelle der Tenebrioniden-Abteilung der Sepidiini.	Deutsche entomologische Zeitschrift 1914: 381–392.
132	Mal N	1990	Description d’une espèce nouvelle du genre Sepidium Fabricius, 1775 (Coleoptera, Tenebrionidae).	Lambillionea 90: 64–67.
133	Fairmaire L	1893	Notes sur quelques Coléoptères des pays Somalis. 	Annales de la Société Entomologique de Belgique 37(4): 144–156. 
134	Kaszab Z, Pinheiro MFV	1972	Uma nova especie de Sepidium (Coleoptera, Tenebrionidae) em Portugal. Eine neue Sepidium Art (Coleoptera, Tenebrionidae) aus Portugal.	Estudos e Divulgaçao Téchnica (C) Entomologia forestall 1972: 5–17. 
135	Ferrer & Martínez, 2012	2012	Contribución al concimiento del género Trachynotus Latreille: un caso de homonimia en el género Sepidium Fabricius (Coleoptera: Tenebrionidae: Pimeliinae). 	Boletin Sociedad Entomológica Aragonesa 51: 283–287.
136	Escalera MM	1914	Los coleópteros de Marruecos.	Trabajos del Museo Nacionál de Ciencias Naturales Série Zoológica (Madrid) 11: 1–553.
137	Karsch F	1881	Die Käfer der Rohlfs’schen Afrikanischen Expedition 1878–79.	Berliner Entomologische Zeitschrift 25: 41–50. 
138	Allard E	1874	Mémoire sur les Coléoptères Ténébrionides formant les genres Sepidium, Fabr. & Vieta, Cast.	Revue et Magasin de Zoologie 3: 120–151. 
139	Escalera MM	1940	Zoologischer Atlas, enthaltend Abbildungen und Beschreibungen neuer Tierarten, während des Flottscapitains v. Kotzebue zweiter Reise um die Welt, auf der Russisch-Kaiserlichen Kriegsschlupp Predpriaetie in den Jahren 1823–1826 beobachtet. 	Drittes Heft. G. Reimer, Berlin, 18 pp.
140	Fabricius JC	1792	Entomologica systematica emendata et aucta. Secundum classes, ordines, genera, species adjectis synonimis, locis, observationibus, descriptionibus. Tom I. Pars 1.	Christ. Gottl. Proft, Hafniae, xx + 330 pp. 
141	Allard E	1870	[new species description].	Petites Nouvelles Entomologiques 13: 49–50.
142	Gahan CJ	1896	On Coleoptera from Aden and Somaliland.	Annals and Magazine of Natural History 6(18): 448–461.
143	Allard E	1882	Communications.	Bulletin de la Société Entomologique de France 6: 87.
144	Ferrer J	2004a	Tenebrionidae (Coleoptera) de Namibia, avec descriptions de 12 espèces nouvelles.	Mitteilungen aus dem Museum für Naturkunde in Berlin, Zoologische Reihe 80(2): 181–250.
145	Ancey CF	1881b	Descriptions de Coléoptères nouveaux.	Le Naturaliste 58: 461–462.
146	Ancey CF	1881a	Descriptions de Coléoptères nouveaux d’Aden.	Le Naturaliste 50: 39.
147	Kirchsberg O	1877	Vieta millingenii nov. spec. und Arthrodeis arabicus nov. spec.	Deutsche entomologische Zeitschrift 21: 203–204. 
148	Klug JCF	1835	Insekten.	_x007f_In: Nordmann A, Erman AG, Klug JFC (Eds) Verzeichniss von Thieren und Pflanzen, welche auf enier Reise um die Erde gesammelt wurden. Georg Reimer, Berlin, 27–50.
149	Kwieton E	1978	Espèces nouvelles des genres Adesmia Fisch., Pimelia Sol. et Vieta (Col. Tenebrionidae).	Bulletin de la Société Entomologique de Mulhouse 1978 8–12.
150	Mal N	1986a	Additions au genere Vietomorpha Fairmaire, 1887 (Coleoptera Tenebrionidae).	Monitore Zoologico Italiano. Supplemento, 21: 11–24
151	Español F	1944	Nuevos datos para el conocimiento de los tenebrionidos (Col.) del Sahara.	Eos, Revista Española de Entomología 20: 7–30.
152	Kulzer H	1960	Einige neue Tenebrioniden (Col.). 	Entomologische Arbeiten aus dem Museum G. Frey Tutzing bei München 11: 304–432.
153	Mal N	1984	Une espèce de Sepidium afine à S. bidentatum Solier, et description d´une espèce nouvelle de Portugal.	L´Entomologiste 40: 193–204.
154	Baudi F	1875	Catalogo dei Tenebrioniti della fauna Europea e circummediterranea appartenenti alle collezioni del Museo Civico di Genova. 	Annali del Museo Civico di Storia Naturale di Genova 7: 684–703.
155	Sahlberg F	1903	Coleoptera Numido-Punica.	Ofversigt Finska Forhandlingar XLV: 1–70.
156	Forskål P	1775	Descriptiones animalium avium, amphibiorum, piscium, insectorum, vermium quae in itinere orientali observavit. 	Mölleri, aulae Typographi, Hauniae, 232 pp.
157	Escalera MM	1925	Especies de Pachychila y otros tenebriónidos nuevos de Marruecos.	Boletínde la Real Sociedad Española de Historia Natural 25: 372–385.
158	Rotrou M	1943	Description d’une nouvelle espèce de Sepidium (Coléoptère) d’Algérie.	Entomologiste 40: 193–204. 
159	Guérin-Méneville FE	1831	Iconographie du règne animal de G. Cuvier, ou representation d’après la nature de Vune des espèces les plus remarquables et souvent non encore figurées, de chaque genre d’animaux. Avec un texte descriptif mis au couraní de la science. Ouvrage pouvant servir ďatlas à tous les traités de zoologie. II. 	Planches des animaux invertébrés. Insectes. [1829–1838].
160	Erichson WF	1844	Entomology, Coleoptera.	In: Ray Society, Reports on zoology for 1843, 1844. Instituted MDCCCXLIV, London, 313–355.
161	Gmelin JF	1790	Caroli a Linné Systema Naturae per regna tria naturae, secundum classes, ordines, genera, species, cum characteribus, diﬀerentiis, synonymis, locis. Editio decima tertia, aucta, reformata. Tom. I. 	Pars IV. Georg Emanuel Beer, Lipsiae, 1517–2224.
162	Baudi F	1876	Europaea et circummediterraneae faunae Tenebrionidum specierum, quae Comes Dejean in suo Catalogo, editio 3a, consignavit, ex ejusdem collectione in R. Taurinensi Musaeo asservata, cum auctorum hodierne recepta denominatione collatio. 	Deutsche Entomologische Zeitschrift 20: 1–74.
163	Gridelli E	1953	Catalogo ragionato delle specie di Coleotteri Tenebrionini dell’Arabia.	Atti del museo civico di storia naturale di Trieste 19: 3–73.
164	DeGeer C	1778	Mémoires pour servir a l’histoire des insectes.	Stockholm. Dixième Mémoire: 591–666. 
165	Koch C	1953d	The Tenebrionidae of southern Africa III Tenebrionidae from a nest of Tatera.	Revue de Zoologie et de Botanique Africaines 47: 1–30.
166	Pascoe FP	1866	Notices of new or little-known genera and species of Coleoptera.	Journal of Entomology 1866: 443–492. 
167	Péringuey LA	1886	Second contribution to the South-African Coleopterous Fauna.	Transactions of the South African Philosophical Society 4: 67–19.
168	Fabricius JC	1781	Species insectorum, exhibens eorum differentias specificas, synonyma auctorum, loca natalia, metamorphosis, adiecitis observationibus, descriptionibus. Tom I. 	Carol Ernest Bohnii, Hamburgi et Kilonii, 552 pp. 
169	Haag-Rutenberg, 1878	1878	Beschreibung neuer Arten von Heteromeren als Nachtrag zu Monographie, von Dr. Haag-Rutenberg	Mittheilungen des Münchener Entomologischen Vereins, 1878: 77-95.
170	Hope FW	1840	“Somaticus Hope”.	In: Bridgewater JC. The Coleopterist’s Manual. 3. London, 191 pp.
171	Quensel K	1806	Schoenherr CJ Synonymia Insectorum, oder: Versuch einer Synonymie aller bisher bekannten Insecten; nach Fabricii Systema Eleutheratorum geordnet. Erster Band. Eleutherata oder Käfer. 	Heinr. A. Nordstrom, Stockholm, xxii + 293 pp.
172	Fabricius JC	1798	Supplementum Entomologia systematica.	Proft & Storch, Hafniae, 572 pp.
173	Thunberg CP	1799	De Brachycero, tractatus entomologicus.	Nova Acta Regiae Societatis Scientiarum Upsaliensis 6: 11–37.
174	Thunberg CP	1791	Dissertatio entomologica novas insectorum species. 6. (Dissertatio resp. A. J. Lagus). 	Joh. Edman, Uppsaliae, i–iv, 107–130.
175	Wiedemann CRW	1823	Zweihundert neue Käfer von Java, Bengalen, und dem Vorgebirge der Guten Hoffnung.	Zoologisches Magazin 2: 3–133. 
176	Alonso-Zarazaga MA	2014	On the identity of some weevil species described by Johann Christian Fabricius (1745-1808) in the Museum of Zoology of Copenhagen (Coleoptera, Cucujoidea, Curculionoidea, Tenebrionoidea)	ZooKeys, 451: 61-91.
177	Thunberg CP	1813	Coleoptera Rostrata Capensia.	Mémoires de l’Académie Impériale des Sciences de St. Pétersbourg (5. Sér. ) 4 [1811]: 376–400. 
